origin,dest,clade,epoch,n_trees,mean_patristic,mean_fitted,mean_residual,prop_outlier
Oklahoma,Minnesota,1990.1,post,1020,4.259921577,3.636856559,0.623065018,0.829411765
Minnesota,Oklahoma,1990.1,post,1020,4.259921577,3.683264931,0.576656646,0.689215686
Minnesota,Tennessee,1990.1,post,1020,2.405723757,2.959933966,-0.554210209,0.591176471
Tennessee,Minnesota,1990.1,post,1020,2.405723757,2.956505366,-0.550781609,0.568627451
Oklahoma,Tennessee,1990.1,post,1020,3.529088023,3.14149422,0.387593803,0.168627451
Tennessee,Oklahoma,1990.1,post,1020,3.529088023,3.167079698,0.362008326,0.147058824
Missouri,Oklahoma,1990.1,post,1020,2.877549457,2.999277523,-0.121728067,0.070588235
Oklahoma,Missouri,1990.1,post,1020,2.877549457,2.955089893,-0.077540436,0.056862745
Minnesota,Illinois,1990.1,post,1020,2.751283853,3.025001536,-0.273717683,0.015686275
Texas,Tennessee,1990.1,post,1020,3.192040676,3.074769995,0.117270682,0.014705882
Iowa,Tennessee,1990.1,post,1020,2.059758342,2.395585241,-0.335826899,0.01372549
Minnesota,Texas,1990.1,post,1020,4.042251175,3.682514515,0.35973666,0.012745098
Tennessee,Texas,1990.1,post,1020,3.192040676,3.081466971,0.110573706,0.011764706
Oklahoma,Iowa,1990.1,post,1020,3.000017141,3.137741564,-0.137724424,0.008823529
Illinois,Minnesota,1990.1,post,1020,2.751283853,2.920595663,-0.16931181,0.007843137
Iowa,Oklahoma,1990.1,post,1020,3.000017141,3.128962998,-0.128945857,0.005882353
Oklahoma,Texas,1990.1,post,1020,2.993195842,3.163063374,-0.169867532,0.002941176
Texas,Missouri,1990.1,post,1020,3.068853153,3.102175723,-0.03332257,0.002941176
Texas,Oklahoma,1990.1,post,1020,2.993195842,3.173841075,-0.180645233,0.001960784
Minnesota,Missouri,1990.1,post,1020,2.78447935,2.9381837,-0.15370435,0.001960784
Missouri,Minnesota,1990.1,post,1020,2.78447935,2.903344217,-0.118864867,0.001960784
Missouri,Texas,1990.1,post,1020,3.068853153,3.067316951,0.001536202,0.001960784
Texas,Minnesota,1990.1,post,1020,4.042251175,3.701569103,0.340682072,0.000980392
Illinois,Texas,1990.1,post,1020,3.311547112,3.364315234,-0.052768122,0.000980392
Tennessee,Iowa,1990.1,post,1020,2.059758342,2.309678113,-0.249919772,0
Texas,Iowa,1990.1,post,1020,3.116701008,3.33546043,-0.218759422,0
Illinois,Missouri,1990.1,post,1020,2.221127779,2.034250287,0.186877492,0
Minnesota,Iowa,1990.1,post,1020,2.763579036,2.617425624,0.146153412,0
Missouri,Illinois,1990.1,post,1020,2.221127779,2.090136721,0.130991058,0
Iowa,Minnesota,1990.1,post,1020,2.763579036,2.662200412,0.101378624,0
Iowa,Texas,1990.1,post,1020,3.116701008,3.214853592,-0.098152584,0
Texas,Illinois,1990.1,post,1020,3.311547112,3.391384528,-0.079837416,0
Illinois,Iowa,1990.1,post,1020,2.33156035,2.255401962,0.076158388,0
Illinois,Oklahoma,1990.1,post,1020,3.296023153,3.225475142,0.070548012,0
Illinois,Tennessee,1990.1,post,1020,2.109664964,2.053293897,0.056371067,0
Oklahoma,Illinois,1990.1,post,1020,3.296023153,3.243338906,0.052684247,0
Iowa,Missouri,1990.1,post,1020,2.232046651,2.182101515,0.049945135,0
Iowa,Illinois,1990.1,post,1020,2.33156035,2.374480091,-0.042919741,0
Missouri,Iowa,1990.1,post,1020,2.232046651,2.190760475,0.041286175,0
Missouri,Tennessee,1990.1,post,1020,2.097755289,2.126691107,-0.028935818,0
Tennessee,Missouri,1990.1,post,1020,2.097755289,2.125915861,-0.028160572,0
Tennessee,Illinois,1990.1,post,1020,2.109664964,2.095536697,0.014128267,0
Alabama,Texas,1990.4,pre,1020,13.43214657,16.42888519,-2.996738621,1
Texas,Alabama,1990.4,pre,1020,13.43214657,16.40865614,-2.976509571,1
Ohio,Illinois,1990.4,pre,1020,7.551896702,9.867734609,-2.315837906,1
Illinois,Ohio,1990.4,pre,1020,7.551896702,9.857941184,-2.306044481,1
Alabama,Arkansas,1990.4,pre,1020,17.53096834,15.36969496,2.161273374,1
Ohio,Alabama,1990.4,pre,1020,17.94462754,15.85890475,2.085722789,0.997058824
Alabama,Ohio,1990.4,pre,1020,17.94462754,15.86157876,2.083048784,0.996078431
Arkansas,Alabama,1990.4,pre,1020,17.53096834,15.45376007,2.077208263,0.994117647
Arkansas,Ohio,1990.4,pre,1020,8.269251351,10.37354239,-2.104291041,0.859803922
Ohio,Arkansas,1990.4,pre,1020,8.269251351,10.26819701,-1.99894566,0.676470588
Wisconsin,Texas,1990.4,pre,1020,7.856054236,9.768356704,-1.912302469,0.421568627
Texas,Wisconsin,1990.4,pre,1020,7.856054236,9.758931001,-1.902876765,0.387254902
Texas,Ohio,1990.4,pre,1020,13.01814549,11.26291131,1.755234177,0.000980392
Ohio,Texas,1990.4,pre,1020,13.01814549,11.35845251,1.659692979,0
Alabama,Illinois,1990.4,pre,1020,16.82825032,15.24868157,1.579568747,0
Illinois,Alabama,1990.4,pre,1020,16.82825032,15.28622377,1.542026547,0
Arkansas,Texas,1990.4,pre,1020,12.60448628,11.06956517,1.534921109,0
Wisconsin,Alabama,1990.4,pre,1020,13.19059406,14.58783868,-1.397244628,0
Texas,Arkansas,1990.4,pre,1020,12.60448628,11.21085789,1.393628388,0
Arkansas,Illinois,1990.4,pre,1020,8.471766168,9.781683313,-1.309917144,0
Illinois,Arkansas,1990.4,pre,1020,8.471766168,9.773634532,-1.301868364,0
Alabama,Wisconsin,1990.4,pre,1020,13.19059406,14.47948535,-1.288891292,0
Alabama,North_Carolina,1990.4,pre,1020,14.18676661,15.38963668,-1.202870072,0
Texas,Illinois,1990.4,pre,1020,11.81230182,10.63138827,1.180913558,0
North_Carolina,Alabama,1990.4,pre,1020,14.18676661,15.3316804,-1.144913787,0
Illinois,Texas,1990.4,pre,1020,11.81230182,10.79853486,1.013766964,0
Minnesota,Alabama,1990.4,pre,1020,15.47655897,14.48178346,0.994775506,0
Alabama,Minnesota,1990.4,pre,1020,15.47655897,14.49252609,0.98403288,0
Texas,Iowa,1990.4,pre,1020,8.971990658,9.721271781,-0.749281123,0
Arkansas,Minnesota,1990.4,pre,1020,8.631875394,9.335658361,-0.703782967,0
Nebraska,Ohio,1990.4,pre,1020,10.30306476,9.619727872,0.68333689,0
Wisconsin,Iowa,1990.4,pre,1020,7.698610087,7.038979257,0.659630829,0
Oklahoma,Wisconsin,1990.4,pre,1020,8.238554747,7.618976874,0.619577873,0
Minnesota,Arkansas,1990.4,pre,1020,8.631875394,9.238652387,-0.606776993,0
Wisconsin,Ohio,1990.4,pre,1020,8.347533401,8.942568693,-0.595035292,0
Minnesota,Oklahoma,1990.4,pre,1020,7.309616849,7.896200474,-0.586583625,0
Ohio,Nebraska,1990.4,pre,1020,10.30306476,9.722787169,0.580277592,0
Oklahoma,Iowa,1990.4,pre,1020,6.997240624,7.577103105,-0.579862481,0
Oklahoma,Texas,1990.4,pre,1020,10.09059602,9.516468895,0.574127126,0
Wisconsin,Oklahoma,1990.4,pre,1020,8.238554747,7.674239684,0.564315063,0
Wisconsin,Minnesota,1990.4,pre,1020,8.316936588,7.7620456,0.554890988,0
Oklahoma,Alabama,1990.4,pre,1020,15.01707807,14.4670725,0.550005575,0
Oklahoma,Minnesota,1990.4,pre,1020,7.309616849,7.855922666,-0.546305817,0
Iowa,Ohio,1990.4,pre,1020,9.2650814,8.721819704,0.543261696,0
Ohio,Iowa,1990.4,pre,1020,9.2650814,8.727464827,0.537616574,0
Ohio,Wisconsin,1990.4,pre,1020,8.347533401,8.881447463,-0.533914062,0
Alabama,Oklahoma,1990.4,pre,1020,15.01707807,14.48885373,0.528224345,0
Arkansas,Oklahoma,1990.4,pre,1020,8.692109201,9.214075988,-0.521966788,0
Texas,Minnesota,1990.4,pre,1020,10.35341551,9.837757033,0.515658473,0
Nebraska,Minnesota,1990.4,pre,1020,7.66789212,8.165881238,-0.497989118,0
Nebraska,Illinois,1990.4,pre,1020,9.46564406,8.971908436,0.493735624,0
Alabama,Iowa,1990.4,pre,1020,14.44097301,13.9555651,0.485407915,0
Minnesota,Texas,1990.4,pre,1020,10.35341551,9.869717227,0.483698279,0
Texas,Oklahoma,1990.4,pre,1020,10.09059602,9.606953777,0.483642244,0
Minnesota,Wisconsin,1990.4,pre,1020,8.316936588,7.845915165,0.471021423,0
Minnesota,Nebraska,1990.4,pre,1020,7.66789212,8.136752407,-0.468860286,0
Illinois,Nebraska,1990.4,pre,1020,9.46564406,8.999976714,0.465667345,0
Iowa,Wisconsin,1990.4,pre,1020,7.698610087,7.23874288,0.459867207,0
Iowa,Nebraska,1990.4,pre,1020,7.763584493,8.218901461,-0.455316968,0
Oklahoma,Arkansas,1990.4,pre,1020,8.692109201,9.132712909,-0.440603708,0
Iowa,Alabama,1990.4,pre,1020,14.44097301,14.00198705,0.438985968,0
North_Carolina,Illinois,1990.4,pre,1020,10.16209492,9.723149643,0.438945276,0
Oklahoma,Nebraska,1990.4,pre,1020,7.518309857,7.938383438,-0.420073581,0
Iowa,Texas,1990.4,pre,1020,8.971990658,9.391070779,-0.419080122,0
Nebraska,Oklahoma,1990.4,pre,1020,7.518309857,7.92591357,-0.407603713,0
Illinois,North_Carolina,1990.4,pre,1020,10.16209492,9.758339721,0.403755198,0
Minnesota,North_Carolina,1990.4,pre,1020,9.365748939,8.968703783,0.397045156,0
Alabama,Nebraska,1990.4,pre,1020,14.44356209,14.83496252,-0.391400431,0
Illinois,Iowa,1990.4,pre,1020,8.632927314,8.249353835,0.383573479,0
Wisconsin,Nebraska,1990.4,pre,1020,8.179322712,7.797631098,0.381691614,0
Nebraska,Iowa,1990.4,pre,1020,7.763584493,8.13422527,-0.370640777,0
Arkansas,Wisconsin,1990.4,pre,1020,9.451824316,9.090512635,0.361311681,0
North_Carolina,Minnesota,1990.4,pre,1020,9.365748939,9.007058633,0.358690306,0
Iowa,North_Carolina,1990.4,pre,1020,8.938802371,8.583283489,0.355518883,0
Iowa,Oklahoma,1990.4,pre,1020,6.997240624,7.352147735,-0.354907111,0
Nebraska,Alabama,1990.4,pre,1020,14.44356209,14.77319104,-0.329628951,0
Ohio,Minnesota,1990.4,pre,1020,8.939116345,9.262948009,-0.323831664,0
North_Carolina,Nebraska,1990.4,pre,1020,9.555467076,9.240929673,0.314537404,0
North_Carolina,Wisconsin,1990.4,pre,1020,9.137167612,8.838475323,0.298692289,0
Minnesota,Illinois,1990.4,pre,1020,8.628281026,8.917315675,-0.289034648,0
Iowa,Arkansas,1990.4,pre,1020,8.41621015,8.68688742,-0.270677269,0
North_Carolina,Ohio,1990.4,pre,1020,10.27508922,10.00744219,0.267647029,0
Illinois,Minnesota,1990.4,pre,1020,8.628281026,8.894335097,-0.266054071,0
Wisconsin,North_Carolina,1990.4,pre,1020,9.137167612,8.875629391,0.261538221,0
Minnesota,Ohio,1990.4,pre,1020,8.939116345,9.183271588,-0.244155243,0
Oklahoma,North_Carolina,1990.4,pre,1020,8.838454843,9.080965244,-0.242510401,0
Nebraska,North_Carolina,1990.4,pre,1020,9.555467076,9.313127803,0.242339274,0
North_Carolina,Arkansas,1990.4,pre,1020,10.30372947,10.06391908,0.239810386,0
North_Carolina,Oklahoma,1990.4,pre,1020,8.838454843,9.074286792,-0.235831949,0
Iowa,Illinois,1990.4,pre,1020,8.632927314,8.399253176,0.233674137,0
Wisconsin,Arkansas,1990.4,pre,1020,9.451824316,9.21874663,0.233077686,0
Ohio,North_Carolina,1990.4,pre,1020,10.27508922,10.05872146,0.216367757,0
Nebraska,Texas,1990.4,pre,1020,9.705418367,9.912256218,-0.206837851,0
Arkansas,North_Carolina,1990.4,pre,1020,10.30372947,10.11009353,0.193635936,0
Nebraska,Wisconsin,1990.4,pre,1020,8.179322712,7.990011243,0.189311469,0
Oklahoma,Ohio,1990.4,pre,1020,9.228543906,9.410278996,-0.18173509,0
Arkansas,Iowa,1990.4,pre,1020,8.41621015,8.534605261,-0.118395111,0
Texas,North_Carolina,1990.4,pre,1020,11.04495078,10.92819681,0.116753972,0
Illinois,Oklahoma,1990.4,pre,1020,8.698055137,8.587965665,0.110089473,0
Iowa,Minnesota,1990.4,pre,1020,7.584814776,7.694484997,-0.109670221,0
Minnesota,Iowa,1990.4,pre,1020,7.584814776,7.686605303,-0.101790526,0
Ohio,Oklahoma,1990.4,pre,1020,9.228543906,9.319144565,-0.090600659,0
Nebraska,Arkansas,1990.4,pre,1020,9.372067075,9.283533605,0.08853347,0
Oklahoma,Illinois,1990.4,pre,1020,8.698055137,8.612235196,0.085819941,0
North_Carolina,Iowa,1990.4,pre,1020,8.938802371,8.853908097,0.084894274,0
Wisconsin,Illinois,1990.4,pre,1020,8.771675167,8.827377627,-0.05570246,0
Texas,Nebraska,1990.4,pre,1020,9.705418367,9.745439444,-0.040021077,0
North_Carolina,Texas,1990.4,pre,1020,11.04495078,11.08254734,-0.037596561,0
Illinois,Wisconsin,1990.4,pre,1020,8.771675167,8.798605918,-0.026930751,0
Arkansas,Nebraska,1990.4,pre,1020,9.372067075,9.38784321,-0.015776135,0
Minnesota,Missouri,1990.4,post,1020,18.41995436,27.22951242,-8.809558063,1
Missouri,Minnesota,1990.4,post,1020,18.41995436,26.93970576,-8.519751403,1
Oklahoma,Kansas,1990.4,post,1020,9.508029018,15.56329147,-6.05526245,1
Illinois,North_Carolina,1990.4,post,1020,6.963798245,12.9197358,-5.955937554,1
Kansas,Oklahoma,1990.4,post,1020,9.508029018,15.40021058,-5.892181562,1
North_Carolina,Illinois,1990.4,post,1020,6.963798245,12.63482873,-5.671030482,1
South_Dakota,Nebraska,1990.4,post,1020,11.76359879,15.32935688,-3.565758092,0.149019608
Nebraska,South_Dakota,1990.4,post,1020,11.76359879,15.28267943,-3.519080638,0.12745098
Iowa,North_Carolina,1990.4,post,1020,12.91687645,16.60374079,-3.686864337,0.075490196
Missouri,Illinois,1990.4,post,1020,23.21365398,20.47807319,2.735580793,0.005882353
Illinois,Missouri,1990.4,post,1020,23.21365398,20.50164041,2.712013567,0.005882353
Kansas,Nebraska,1990.4,post,1020,12.77388071,16.00626565,-3.232384937,0.000980392
Nebraska,Kansas,1990.4,post,1020,12.77388071,15.76110415,-2.987223437,0
Iowa,Kansas,1990.4,post,1020,20.94305001,18.0628995,2.880150505,0
Missouri,Oklahoma,1990.4,post,1020,25.32213226,22.55927264,2.762859623,0
Minnesota,Kansas,1990.4,post,1020,23.9926399,21.25326471,2.73937519,0
Oklahoma,Missouri,1990.4,post,1020,25.32213226,22.6352653,2.68686696,0
Minnesota,Nebraska,1990.4,post,1020,22.67161819,20.09256596,2.579052232,0
Nebraska,Minnesota,1990.4,post,1020,22.67161819,20.11038622,2.561231963,0
Illinois,Pennsylvania,1990.4,post,1020,11.88505566,14.29035224,-2.405296574,0
Nebraska,Oklahoma,1990.4,post,1020,13.94416322,16.32723943,-2.383076215,0
Kansas,Iowa,1990.4,post,1020,20.94305001,18.59792403,2.345125974,0
Pennsylvania,Illinois,1990.4,post,1020,11.88505566,14.21395372,-2.328898055,0
Oklahoma,Iowa,1990.4,post,1020,19.7087247,17.38166592,2.327058785,0
Kansas,Minnesota,1990.4,post,1020,23.9926399,21.69631953,2.296320371,0
North_Carolina,Iowa,1990.4,post,1020,12.91687645,15.13709864,-2.220222191,0
Missouri,North_Carolina,1990.4,post,1020,23.41637336,21.20666021,2.209713149,0
Oklahoma,Nebraska,1990.4,post,1020,13.94416322,16.10641014,-2.162246927,0
Oklahoma,Minnesota,1990.4,post,1020,23.11681899,20.96490776,2.151911229,0
North_Carolina,Missouri,1990.4,post,1020,23.41637336,21.34917424,2.067199127,0
Minnesota,Oklahoma,1990.4,post,1020,23.11681899,21.07336907,2.043449919,0
Michigan,South_Dakota,1990.4,post,1020,15.7797816,17.76058572,-1.980804126,0
Pennsylvania,Michigan,1990.4,post,1020,15.89355557,13.93381692,1.959738645,0
Illinois,Kansas,1990.4,post,1020,18.41511031,16.460872,1.954238304,0
Iowa,Oklahoma,1990.4,post,1020,19.7087247,17.84513806,1.863586647,0
Kansas,Illinois,1990.4,post,1020,18.41511031,16.58859101,1.826519299,0
Illinois,Iowa,1990.4,post,1020,14.61174066,16.4293627,-1.817622043,0
South_Dakota,Indiana,1990.4,post,1020,16.83742517,18.63540262,-1.797977445,0
Montana,Indiana,1990.4,post,1020,26.7506771,28.53656999,-1.785892886,0
Montana,Nebraska,1990.4,post,1020,27.35809466,25.60845211,1.749642556,0
Michigan,Pennsylvania,1990.4,post,1020,15.89355557,14.14931265,1.744242916,0
Minnesota,South_Dakota,1990.4,post,1020,21.22143572,19.51777297,1.703662751,0
Montana,Michigan,1990.4,post,1020,26.23513754,27.85622056,-1.621083013,0
South_Dakota,Oklahoma,1990.4,post,1020,17.90055879,16.30677349,1.593785293,0
Nebraska,Montana,1990.4,post,1020,27.35809466,25.79489443,1.56320023,0
Iowa,Pennsylvania,1990.4,post,1020,15.92501248,17.45553883,-1.53052635,0
Indiana,Missouri,1990.4,post,1020,24.45318017,22.94897787,1.504202301,0
Illinois,Nebraska,1990.4,post,1020,17.69109587,16.19787809,1.49321778,0
Missouri,Indiana,1990.4,post,1020,24.45318017,22.96398105,1.489199116,0
South_Dakota,Michigan,1990.4,post,1020,15.7797816,17.26218525,-1.482403648,0
Indiana,Montana,1990.4,post,1020,26.7506771,28.21284231,-1.46216521,0
Montana,South_Dakota,1990.4,post,1020,26.49180474,25.04849657,1.443308168,0
Michigan,Minnesota,1990.4,post,1020,21.52869844,20.09886191,1.429836535,0
Iowa,Illinois,1990.4,post,1020,14.61174066,16.02833139,-1.416590734,0
Missouri,Kansas,1990.4,post,1020,26.27697255,24.87138175,1.405590801,0
Michigan,North_Carolina,1990.4,post,1020,15.79749043,14.42303659,1.374453841,0
Michigan,Montana,1990.4,post,1020,26.23513754,27.57230246,-1.337164912,0
Nebraska,Illinois,1990.4,post,1020,17.69109587,16.39750046,1.293595414,0
Pennsylvania,Iowa,1990.4,post,1020,15.92501248,17.20946392,-1.284451442,0
Nebraska,North_Carolina,1990.4,post,1020,16.89155277,15.6201077,1.27144507,0
Montana,Minnesota,1990.4,post,1020,31.74987735,30.49710247,1.252774884,0
Nebraska,Missouri,1990.4,post,1020,25.03539086,23.80922399,1.226166868,0
Kansas,North_Carolina,1990.4,post,1020,17.58520122,16.39880957,1.18639165,0
Oklahoma,Michigan,1990.4,post,1020,17.6420327,18.81945958,-1.177426884,0
Oklahoma,Illinois,1990.4,post,1020,16.94861628,15.77936644,1.169249836,0
Indiana,South_Dakota,1990.4,post,1020,16.83742517,18.0019817,-1.164556526,0
Missouri,Nebraska,1990.4,post,1020,25.03539086,23.87356658,1.161824283,0
Illinois,Oklahoma,1990.4,post,1020,16.94861628,15.79457772,1.154038552,0
Missouri,Pennsylvania,1990.4,post,1020,23.50116101,22.35028604,1.150874969,0
South_Dakota,Minnesota,1990.4,post,1020,21.22143572,20.07657779,1.144857925,0
Iowa,Michigan,1990.4,post,1020,18.65511563,17.52094443,1.1341712,0
Minnesota,Montana,1990.4,post,1020,31.74987735,30.63120829,1.118669064,0
South_Dakota,Illinois,1990.4,post,1020,16.82525234,15.70825177,1.117000577,0
Kansas,Missouri,1990.4,post,1020,26.27697255,25.17309021,1.103882335,0
Kansas,Montana,1990.4,post,1020,28.08658349,27.00958613,1.07699736,0
Michigan,Illinois,1990.4,post,1020,16.57553129,15.52032327,1.055208024,0
Illinois,South_Dakota,1990.4,post,1020,16.82525234,15.78783129,1.037421048,0
Michigan,Iowa,1990.4,post,1020,18.65511563,17.62231964,1.032795989,0
North_Carolina,Indiana,1990.4,post,1020,14.50421671,13.50324833,1.000968378,0
Pennsylvania,Missouri,1990.4,post,1020,23.50116101,22.51369092,0.987470094,0
North_Carolina,Nebraska,1990.4,post,1020,16.89155277,15.90413667,0.987416104,0
South_Dakota,Kansas,1990.4,post,1020,15.933111,16.91787072,-0.984759727,0
Minnesota,Michigan,1990.4,post,1020,21.52869844,20.54411735,0.98458109,0
Pennsylvania,Indiana,1990.4,post,1020,15.34716728,14.36916427,0.978003009,0
Iowa,Nebraska,1990.4,post,1020,19.98190245,19.00508216,0.976820286,0
Michigan,Kansas,1990.4,post,1020,18.52889767,19.49037029,-0.961472619,0
Michigan,Oklahoma,1990.4,post,1020,17.6420327,18.56328883,-0.921256134,0
North_Carolina,Michigan,1990.4,post,1020,15.79749043,14.8829267,0.914563737,0
Nebraska,Iowa,1990.4,post,1020,19.98190245,19.07263596,0.909266491,0
Illinois,Michigan,1990.4,post,1020,16.57553129,15.67293654,0.902594748,0
Montana,Kansas,1990.4,post,1020,28.08658349,27.19756583,0.889017661,0
Illinois,Indiana,1990.4,post,1020,14.53999072,13.67819924,0.861791488,0
Pennsylvania,South_Dakota,1990.4,post,1020,16.15417766,17.00362185,-0.849444185,0
Michigan,Nebraska,1990.4,post,1020,17.21982524,18.06824896,-0.848423717,0
Indiana,North_Carolina,1990.4,post,1020,14.50421671,13.68180144,0.822415268,0
South_Dakota,North_Carolina,1990.4,post,1020,16.0553881,15.23807575,0.817312347,0
Kansas,Michigan,1990.4,post,1020,18.52889767,19.33499623,-0.80609856,0
Oklahoma,South_Dakota,1990.4,post,1020,17.90055879,17.12249859,0.778060202,0
Nebraska,Michigan,1990.4,post,1020,17.21982524,17.9889583,-0.769133055,0
Minnesota,North_Carolina,1990.4,post,1020,18.80660717,19.57050145,-0.763894277,0
Pennsylvania,Oklahoma,1990.4,post,1020,16.30067107,17.06163576,-0.76096469,0
Michigan,Missouri,1990.4,post,1020,23.46325265,24.19562307,-0.732370415,0
Indiana,Pennsylvania,1990.4,post,1020,15.34716728,14.65359203,0.69357525,0
Oklahoma,North_Carolina,1990.4,post,1020,16.08868477,15.39645432,0.692230446,0
Iowa,South_Dakota,1990.4,post,1020,18.8888546,18.22177288,0.66708172,0
North_Carolina,Minnesota,1990.4,post,1020,18.80660717,19.47132326,-0.664716082,0
North_Carolina,Oklahoma,1990.4,post,1020,16.08868477,15.45276675,0.635918018,0
Missouri,Iowa,1990.4,post,1020,22.46588966,23.08229094,-0.616401276,0
North_Carolina,Kansas,1990.4,post,1020,17.58520122,16.98007406,0.60512716,0
Montana,Iowa,1990.4,post,1020,28.75124481,28.15761192,0.59363289,0
Minnesota,Illinois,1990.4,post,1020,19.47303822,20.06245265,-0.589414424,0
Indiana,Minnesota,1990.4,post,1020,22.06503351,21.49158258,0.573450931,0
South_Dakota,Montana,1990.4,post,1020,26.49180474,25.92141271,0.570392033,0
Pennsylvania,Minnesota,1990.4,post,1020,20.45277611,19.88303813,0.569737981,0
Indiana,Illinois,1990.4,post,1020,14.53999072,14.00688381,0.533106914,0
South_Dakota,Missouri,1990.4,post,1020,23.6638071,23.15546016,0.508346945,0
Oklahoma,Indiana,1990.4,post,1020,17.91939253,18.39869276,-0.479300223,0
Iowa,Montana,1990.4,post,1020,28.75124481,28.27275813,0.47848668,0
Kansas,South_Dakota,1990.4,post,1020,15.933111,16.40873108,-0.47562008,0
Iowa,Missouri,1990.4,post,1020,22.46588966,22.93565993,-0.469770267,0
North_Carolina,Pennsylvania,1990.4,post,1020,9.982717925,10.42835815,-0.445640224,0
Indiana,Oklahoma,1990.4,post,1020,17.91939253,18.35376965,-0.434377114,0
North_Carolina,Montana,1990.4,post,1020,25.44411884,25.02314724,0.420971596,0
Oklahoma,Montana,1990.4,post,1020,26.62254986,27.0330019,-0.41045204,0
Pennsylvania,Kansas,1990.4,post,1020,17.75945528,18.13214123,-0.37268595,0
Montana,Oklahoma,1990.4,post,1020,26.62254986,26.98356893,-0.361019071,0
Montana,Pennsylvania,1990.4,post,1020,25.58805448,25.94845382,-0.360399342,0
Minnesota,Pennsylvania,1990.4,post,1020,20.45277611,20.10729954,0.345476571,0
Minnesota,Indiana,1990.4,post,1020,22.06503351,21.72039504,0.344638465,0
Oklahoma,Pennsylvania,1990.4,post,1020,16.30067107,16.59763687,-0.2969658,0
Illinois,Montana,1990.4,post,1020,26.25922479,25.96722122,0.292003569,0
Montana,North_Carolina,1990.4,post,1020,25.44411884,25.18675365,0.257365192,0
Montana,Illinois,1990.4,post,1020,26.25922479,26.51211803,-0.252893243,0
Indiana,Kansas,1990.4,post,1020,19.06635209,19.3104623,-0.244110219,0
Montana,Missouri,1990.4,post,1020,33.55892595,33.7807403,-0.22181435,0
Illinois,Minnesota,1990.4,post,1020,19.47303822,19.68266951,-0.209631288,0
Pennsylvania,Montana,1990.4,post,1020,25.58805448,25.78769853,-0.199644045,0
Indiana,Nebraska,1990.4,post,1020,18.01497457,18.20963073,-0.194656158,0
Iowa,Minnesota,1990.4,post,1020,20.17606927,20.35104487,-0.174975605,0
Missouri,South_Dakota,1990.4,post,1020,23.6638071,23.51145277,0.152354333,0
Kansas,Indiana,1990.4,post,1020,19.06635209,19.21668774,-0.150335651,0
Nebraska,Indiana,1990.4,post,1020,18.01497457,18.15211598,-0.137141411,0
Nebraska,Pennsylvania,1990.4,post,1020,17.02807543,16.89361883,0.134456599,0
North_Carolina,South_Dakota,1990.4,post,1020,16.0553881,15.92489636,0.130491738,0
Pennsylvania,North_Carolina,1990.4,post,1020,9.982717925,10.10742177,-0.124703845,0
Missouri,Montana,1990.4,post,1020,33.55892595,33.67927153,-0.120345583,0
Missouri,Michigan,1990.4,post,1020,23.46325265,23.58057216,-0.117319509,0
Pennsylvania,Nebraska,1990.4,post,1020,17.02807543,17.143008,-0.114932564,0
Indiana,Iowa,1990.4,post,1020,18.17463498,18.28215874,-0.107523759,0
Kansas,Pennsylvania,1990.4,post,1020,17.75945528,17.67475197,0.08470331,0
South_Dakota,Iowa,1990.4,post,1020,18.8888546,18.84670914,0.042145462,0
Michigan,Indiana,1990.4,post,1020,16.64220938,16.68143834,-0.039228959,0
Indiana,Michigan,1990.4,post,1020,16.64220938,16.624966,0.017243377,0
South_Dakota,Pennsylvania,1990.4,post,1020,16.15417766,16.14987708,0.004300579,0
Iowa,Indiana,1990.4,post,1020,18.17463498,18.17710118,-0.002466204,0
Minnesota,Iowa,1990.4,post,1020,20.17606927,20.17754774,-0.001478473,0
Wisconsin,Oklahoma,1990.4.a,pre,1020,10.62744162,11.15036373,-0.522922106,0
Oklahoma,Texas,1990.4.a,pre,1020,7.047708762,7.545488847,-0.497780085,0
Wisconsin,Texas,1990.4.a,pre,1020,11.82161827,11.3780578,0.443560476,0
Texas,Oklahoma,1990.4.a,pre,1020,7.047708762,6.731769169,0.315939593,0
Oklahoma,Missouri,1990.4.a,pre,1020,13.22780146,12.99518727,0.23261419,0
Texas,Wisconsin,1990.4.a,pre,1020,11.82161827,12.01989458,-0.198276309,0
Texas,Missouri,1990.4.a,pre,1020,13.7286952,13.89000964,-0.16131444,0
Oklahoma,Wisconsin,1990.4.a,pre,1020,10.62744162,10.48922963,0.138211998,0
Missouri,Wisconsin,1990.4.a,pre,1020,12.31337473,12.18707131,0.126303424,0
Wisconsin,Missouri,1990.4.a,pre,1020,12.31337473,12.19060097,0.122773767,0
Missouri,Oklahoma,1990.4.a,pre,1020,13.22780146,13.21452776,0.013273698,0
Missouri,Texas,1990.4.a,pre,1020,13.7286952,13.7410794,-0.012384206,0
North_Dakota,Arkansas,1990.4.a,post,1020,3.050142958,10.1282351,-7.078092142,1
Arkansas,North_Dakota,1990.4.a,post,1020,3.050142958,9.91323322,-6.863090261,1
South_Dakota,Nebraska,1990.4.a,post,1020,9.125678185,12.69393046,-3.568252277,0.999019608
Nebraska,South_Dakota,1990.4.a,post,1020,9.125678185,12.68345463,-3.557776447,0.999019608
Missouri,Arkansas,1990.4.a,post,1020,11.94764865,9.310162899,2.637485754,0.997058824
Arkansas,Missouri,1990.4.a,post,1020,11.94764865,9.31763019,2.630018464,0.997058824
Missouri,Pennsylvania,1990.4.a,post,1020,8.295178577,10.94389796,-2.64871938,0.996078431
Pennsylvania,Missouri,1990.4.a,post,1020,8.295178577,10.88802438,-2.592845799,0.996078431
Missouri,North_Dakota,1990.4.a,post,1020,13.21915809,10.69107135,2.528086739,0.996078431
North_Dakota,Missouri,1990.4.a,post,1020,13.21915809,10.74165551,2.477502576,0.994117647
North_Dakota,Michigan,1990.4.a,post,1020,8.173883367,10.64228364,-2.468400274,0.924509804
South_Dakota,Kansas,1990.4.a,post,1020,9.001009907,11.37414131,-2.373131405,0.859803922
Michigan,North_Dakota,1990.4.a,post,1020,8.173883367,10.58304206,-2.409158693,0.829411765
Arkansas,Pennsylvania,1990.4.a,post,1020,12.644159,10.34182079,2.302338217,0.596078431
Kansas,South_Dakota,1990.4.a,post,1020,9.001009907,11.26136504,-2.260355129,0.429411765
Maryland,Pennsylvania,1990.4.a,post,1020,10.38011959,8.103210452,2.276909139,0.404901961
South_Dakota,Maryland,1990.4.a,post,1020,6.827484744,9.077372528,-2.249887784,0.312745098
Arkansas,Michigan,1990.4.a,post,1020,7.232934342,9.456617136,-2.223682794,0.241176471
Michigan,Arkansas,1990.4.a,post,1020,7.232934342,9.453087264,-2.220152923,0.233333333
Pennsylvania,Maryland,1990.4.a,post,1020,10.38011959,8.154880636,2.225238955,0.155882353
Maryland,South_Dakota,1990.4.a,post,1020,6.827484744,8.997580141,-2.170095397,0.131372549
North_Dakota,Pennsylvania,1990.4.a,post,1020,13.88900272,11.6514985,2.237504222,0.084313725
California,North_Dakota,1990.4.a,post,1020,11.58351984,9.417562903,2.165956933,0.066666667
Pennsylvania,Arkansas,1990.4.a,post,1020,12.644159,10.41747237,2.226686638,0.053921569
Colorado,Maryland,1990.4.a,post,1020,15.16976741,17.02328694,-1.853519537,0.042156863
South_Dakota,Missouri,1990.4.a,post,1020,13.44876752,11.27393223,2.174835297,0.039215686
Maryland,Colorado,1990.4.a,post,1020,15.16976741,17.01688941,-1.847122002,0.038235294
North_Dakota,California,1990.4.a,post,1020,11.58351984,9.451957898,2.131561938,0.035294118
Nebraska,Maryland,1990.4.a,post,1020,7.080897176,9.207083882,-2.126186706,0.024509804
Pennsylvania,North_Dakota,1990.4.a,post,1020,13.88900272,11.67667023,2.212332487,0.018627451
California,Pennsylvania,1990.4.a,post,1020,8.217394339,10.13222975,-1.914835409,0.01372549
Pennsylvania,California,1990.4.a,post,1020,8.217394339,10.123685,-1.906290665,0.01372549
Maryland,Nebraska,1990.4.a,post,1020,7.080897176,9.176092946,-2.09519577,0.012745098
California,Missouri,1990.4.a,post,1020,6.999090457,9.0832084,-2.084117943,0.012745098
Missouri,California,1990.4.a,post,1020,6.999090457,9.051806431,-2.052715974,0.011764706
California,Arkansas,1990.4.a,post,1020,10.32112854,8.497385365,1.823743173,0.003921569
Wyoming,Nebraska,1990.4.a,post,1020,9.419521235,11.34931777,-1.929796535,0.002941176
Arkansas,California,1990.4.a,post,1020,10.32112854,8.503380151,1.817748387,0.002941176
California,Iowa,1990.4.a,post,1020,7.766675388,9.164074416,-1.397399028,0.002941176
Iowa,California,1990.4.a,post,1020,7.766675388,9.149990374,-1.383314986,0.002941176
Texas,Oklahoma,1990.4.a,post,1020,5.536149171,6.507559853,-0.971410681,0.002941176
Oklahoma,Texas,1990.4.a,post,1020,5.536149171,6.503057409,-0.966908238,0.002941176
Virginia,California,1990.4.a,post,1020,7.811673791,8.513781957,-0.702108166,0.002941176
California,Virginia,1990.4.a,post,1020,7.811673791,8.495109571,-0.683435779,0.002941176
Nebraska,Wyoming,1990.4.a,post,1020,9.419521235,11.33334614,-1.913824905,0.001960784
Missouri,South_Dakota,1990.4.a,post,1020,13.44876752,11.35293371,2.095833817,0.000980392
Arkansas,North_Carolina,1990.4.a,post,1020,8.549717118,9.340314377,-0.790597259,0.000980392
North_Carolina,Arkansas,1990.4.a,post,1020,8.549717118,9.30659138,-0.756874262,0.000980392
Virginia,Kentucky,1990.4.a,post,1020,10.88661889,10.52122048,0.365398416,0.000980392
Kentucky,Virginia,1990.4.a,post,1020,10.88661889,10.56127425,0.325344646,0.000980392
Nebraska,Missouri,1990.4.a,post,1020,13.48897754,11.46003205,2.028945497,0
Missouri,Nebraska,1990.4.a,post,1020,13.48897754,11.48403027,2.00494727,0
South_Dakota,Pennsylvania,1990.4.a,post,1020,14.24605611,12.32047982,1.925576295,0
Pennsylvania,Nebraska,1990.4.a,post,1020,14.27961912,12.42234296,1.857276166,0
Nebraska,Pennsylvania,1990.4.a,post,1020,14.27961912,12.42257604,1.857043077,0
Missouri,Maryland,1990.4.a,post,1020,9.47113685,7.633743664,1.837393187,0
Maryland,Missouri,1990.4.a,post,1020,9.47113685,7.653488733,1.817648117,0
North_Dakota,Maryland,1990.4.a,post,1020,6.521351946,8.338133987,-1.816782042,0
Nebraska,Kansas,1990.4.a,post,1020,9.513063604,11.32634416,-1.813280553,0
Pennsylvania,South_Dakota,1990.4.a,post,1020,14.24605611,12.43307559,1.812980522,0
Kansas,Nebraska,1990.4.a,post,1020,9.513063604,11.32586328,-1.812799672,0
Missouri,Iowa,1990.4.a,post,1020,8.242273662,10.04482687,-1.802553205,0
Arkansas,Iowa,1990.4.a,post,1020,11.30156686,9.501188264,1.800378599,0
Iowa,Missouri,1990.4.a,post,1020,8.242273662,10.03925649,-1.796982832,0
Maryland,North_Dakota,1990.4.a,post,1020,6.521351946,8.316487959,-1.795136013,0
Arkansas,Maryland,1990.4.a,post,1020,5.259378333,7.037802131,-1.778423798,0
Maryland,Arkansas,1990.4.a,post,1020,5.259378333,7.025901462,-1.766523129,0
North_Dakota,Iowa,1990.4.a,post,1020,12.54775694,10.78194971,1.76580723,0
Iowa,Arkansas,1990.4.a,post,1020,11.30156686,9.550513713,1.75105315,0
Iowa,North_Dakota,1990.4.a,post,1020,12.54775694,10.80293601,1.744820928,0
Pennsylvania,Texas,1990.4.a,post,1020,7.686148069,9.384544471,-1.698396401,0
Iowa,Pennsylvania,1990.4.a,post,1020,9.391518376,11.08511892,-1.693600543,0
Arkansas,Texas,1990.4.a,post,1020,9.331645072,7.655684581,1.675960492,0
Texas,North_Dakota,1990.4.a,post,1020,10.59384599,8.924119889,1.669726099,0
Missouri,Kentucky,1990.4.a,post,1020,9.769294655,11.4300671,-1.660772441,0
Kentucky,Missouri,1990.4.a,post,1020,9.769294655,11.41197708,-1.642682429,0
Pennsylvania,Iowa,1990.4.a,post,1020,9.391518376,11.03249228,-1.640973907,0
Texas,Arkansas,1990.4.a,post,1020,9.331645072,7.697083458,1.634561614,0
Maryland,Kentucky,1990.4.a,post,1020,10.54234357,8.910044926,1.632298642,0
Texas,Pennsylvania,1990.4.a,post,1020,7.686148069,9.30714802,-1.62099995,0
North_Dakota,Texas,1990.4.a,post,1020,10.59384599,9.003239318,1.590606671,0
Kentucky,Maryland,1990.4.a,post,1020,10.54234357,9.01090428,1.531439288,0
California,Nebraska,1990.4.a,post,1020,11.75655809,10.24518982,1.511368268,0
Missouri,Colorado,1990.4.a,post,1020,20.65515992,19.15295731,1.502202613,0
Nebraska,California,1990.4.a,post,1020,11.75655809,10.25751758,1.499040512,0
Colorado,Missouri,1990.4.a,post,1020,20.65515992,19.1733968,1.481763123,0
Texas,Missouri,1990.4.a,post,1020,6.745611836,8.213388967,-1.467777131,0
California,South_Dakota,1990.4.a,post,1020,11.63967768,10.17855609,1.461121588,0
Arkansas,Minnesota,1990.4.a,post,1020,12.02108232,10.56825733,1.452824989,0
Missouri,Texas,1990.4.a,post,1020,6.745611836,8.176974903,-1.431363067,0
Minnesota,Arkansas,1990.4.a,post,1020,12.02108232,10.60162382,1.419458495,0
Kentucky,Minnesota,1990.4.a,post,1020,11.18499416,12.59967259,-1.414678432,0
South_Dakota,California,1990.4.a,post,1020,11.63967768,10.22860898,1.411068704,0
Minnesota,Kentucky,1990.4.a,post,1020,11.18499416,12.59328924,-1.408295084,0
South_Dakota,Arkansas,1990.4.a,post,1020,9.437763556,10.83967431,-1.401910757,0
Missouri,Ohio,1990.4.a,post,1020,8.052518729,9.435345372,-1.382826643,0
Minnesota,Missouri,1990.4.a,post,1020,9.730127134,11.10446638,-1.374339242,0
Maryland,Wyoming,1990.4.a,post,1020,6.41371368,7.782693604,-1.368979924,0
Arkansas,South_Dakota,1990.4.a,post,1020,9.437763556,10.78483931,-1.347075753,0
Missouri,Minnesota,1990.4.a,post,1020,9.730127134,11.06747617,-1.337349032,0
Ohio,Missouri,1990.4.a,post,1020,8.052518729,9.38647739,-1.333958662,0
Minnesota,North_Dakota,1990.4.a,post,1020,13.28476144,11.95310634,1.331655096,0
South_Dakota,Kentucky,1990.4.a,post,1020,14.19484873,12.87011361,1.324735112,0
Nebraska,Kentucky,1990.4.a,post,1020,14.33637263,13.01244692,1.323925709,0
Colorado,Pennsylvania,1990.4.a,post,1020,21.58540011,20.26946503,1.315935074,0
Pennsylvania,Colorado,1990.4.a,post,1020,21.58540011,20.27115581,1.314244301,0
California,Colorado,1990.4.a,post,1020,19.11613592,17.80290347,1.313232449,0
California,Wyoming,1990.4.a,post,1020,9.769150347,8.464538026,1.304612321,0
Colorado,California,1990.4.a,post,1020,19.11613592,17.82094538,1.29519054,0
North_Dakota,Minnesota,1990.4.a,post,1020,13.28476144,12.00909538,1.275666058,0
Indiana,Kentucky,1990.4.a,post,1020,9.954994824,11.22713381,-1.272138985,0
Maryland,Kansas,1990.4.a,post,1020,6.727683423,7.996633872,-1.26895045,0
Kentucky,Colorado,1990.4.a,post,1020,22.04090317,20.77515545,1.265747717,0
Kentucky,Nebraska,1990.4.a,post,1020,14.33637263,13.08262725,1.253745383,0
Arkansas,Ohio,1990.4.a,post,1020,10.05172663,8.799331492,1.252395137,0
Kentucky,Indiana,1990.4.a,post,1020,9.954994824,11.20391586,-1.248921033,0
Kansas,Maryland,1990.4.a,post,1020,6.727683423,7.9692353,-1.241551878,0
Colorado,South_Dakota,1990.4.a,post,1020,19.06800771,20.29802285,-1.230015145,0
Wyoming,California,1990.4.a,post,1020,9.769150347,8.540400303,1.228750045,0
Maryland,Iowa,1990.4.a,post,1020,9.001848117,7.774848118,1.226999999,0
North_Dakota,South_Dakota,1990.4.a,post,1020,10.70008265,11.91962738,-1.219544735,0
South_Dakota,Colorado,1990.4.a,post,1020,19.06800771,20.28219108,-1.214183373,0
Texas,Nebraska,1990.4.a,post,1020,10.78937003,9.576441179,1.212928854,0
Colorado,Kentucky,1990.4.a,post,1020,22.04090317,20.82927639,1.211626778,0
Nebraska,Arkansas,1990.4.a,post,1020,9.571373093,10.77776697,-1.206393881,0
Kentucky,South_Dakota,1990.4.a,post,1020,14.19484873,12.99725468,1.197594046,0
Arkansas,Nebraska,1990.4.a,post,1020,9.571373093,10.76892881,-1.197555718,0
Iowa,Maryland,1990.4.a,post,1020,9.001848117,7.806512453,1.195335664,0
Ohio,Arkansas,1990.4.a,post,1020,10.05172663,8.862503602,1.189223027,0
Virginia,Pennsylvania,1990.4.a,post,1020,8.641953266,9.829648659,-1.187695392,0
Nebraska,Texas,1990.4.a,post,1020,10.78937003,9.602626215,1.186743818,0
South_Dakota,North_Dakota,1990.4.a,post,1020,10.70008265,11.87886636,-1.178783716,0
North_Dakota,Ohio,1990.4.a,post,1020,11.28206823,10.10348582,1.178582409,0
Texas,South_Dakota,1990.4.a,post,1020,10.73872088,9.56208469,1.176636191,0
Pennsylvania,Virginia,1990.4.a,post,1020,8.641953266,9.802723189,-1.160769922,0
Nebraska,Colorado,1990.4.a,post,1020,19.17671974,20.3180836,-1.141363861,0
South_Dakota,Texas,1990.4.a,post,1020,10.73872088,9.599877788,1.138843094,0
Missouri,Indiana,1990.4.a,post,1020,8.563383205,9.692630596,-1.129247391,0
Wyoming,Maryland,1990.4.a,post,1020,6.41371368,7.525414766,-1.111701086,0
Colorado,Nebraska,1990.4.a,post,1020,19.17671974,20.28823704,-1.111517302,0
South_Dakota,Ohio,1990.4.a,post,1020,11.92024878,10.81668453,1.103564244,0
Pennsylvania,Oklahoma,1990.4.a,post,1020,8.408621351,9.510735732,-1.102114381,0
California,Ohio,1990.4.a,post,1020,7.576140257,8.675204856,-1.099064599,0
Ohio,South_Dakota,1990.4.a,post,1020,11.92024878,10.8273444,1.092904375,0
Ohio,North_Dakota,1990.4.a,post,1020,11.28206823,10.19314023,1.088928001,0
Pennsylvania,Minnesota,1990.4.a,post,1020,10.96644909,12.05295206,-1.086502973,0
Ohio,Pennsylvania,1990.4.a,post,1020,9.145240911,10.22784304,-1.082602131,0
Minnesota,Pennsylvania,1990.4.a,post,1020,10.96644909,12.04648271,-1.080033614,0
Indiana,Missouri,1990.4.a,post,1020,8.563383205,9.642221986,-1.078838781,0
Texas,Iowa,1990.4.a,post,1020,7.455172112,8.532535554,-1.077363442,0
North_Dakota,Nebraska,1990.4.a,post,1020,10.83335523,11.90960525,-1.076250015,0
Ohio,Maryland,1990.4.a,post,1020,7.881717372,6.809644805,1.072072567,0
Colorado,Iowa,1990.4.a,post,1020,20.41389352,19.34319212,1.070701402,0
Maryland,Ohio,1990.4.a,post,1020,7.881717372,6.815668371,1.066049002,0
Ohio,California,1990.4.a,post,1020,7.576140257,8.641871745,-1.065731487,0
Nebraska,North_Dakota,1990.4.a,post,1020,10.83335523,11.89647329,-1.063118061,0
Oklahoma,Pennsylvania,1990.4.a,post,1020,8.408621351,9.467615272,-1.058993921,0
Iowa,Colorado,1990.4.a,post,1020,20.41389352,19.3603481,1.053545423,0
Pennsylvania,Ohio,1990.4.a,post,1020,9.145240911,10.17796676,-1.032725844,0
Indiana,Nebraska,1990.4.a,post,1020,12.23782078,11.22300839,1.014812397,0
Minnesota,Colorado,1990.4.a,post,1020,21.27524559,20.26154044,1.013705149,0
Indiana,South_Dakota,1990.4.a,post,1020,12.18192671,11.16960382,1.012322895,0
Colorado,Minnesota,1990.4.a,post,1020,21.27524559,20.26456246,1.010683124,0
Oklahoma,North_Dakota,1990.4.a,post,1020,10.16256317,9.158208881,1.004354293,0
Nebraska,Indiana,1990.4.a,post,1020,12.23782078,11.24164592,0.996174857,0
Nebraska,Iowa,1990.4.a,post,1020,12.81410465,11.81888078,0.995223867,0
Missouri,Oklahoma,1990.4.a,post,1020,7.398160767,8.388741838,-0.990581071,0
Texas,California,1990.4.a,post,1020,6.169980424,7.153700499,-0.983720075,0
Kentucky,Iowa,1990.4.a,post,1020,10.64604755,11.62576102,-0.979713472,0
Iowa,Minnesota,1990.4.a,post,1020,10.38961894,11.36516497,-0.975546031,0
Oklahoma,Arkansas,1990.4.a,post,1020,8.903165209,7.931326241,0.971838967,0
North_Dakota,Oklahoma,1990.4.a,post,1020,10.16256317,9.198995864,0.96356731,0
California,Texas,1990.4.a,post,1020,6.169980424,7.132826141,-0.962845717,0
Kentucky,Arkansas,1990.4.a,post,1020,11.69234919,10.73008244,0.962266746,0
Iowa,Kentucky,1990.4.a,post,1020,10.64604755,11.60728922,-0.961241677,0
Oklahoma,Missouri,1990.4.a,post,1020,7.398160767,8.358351315,-0.960190548,0
Minnesota,Maryland,1990.4.a,post,1020,9.791272995,8.831467364,0.959805631,0
Maryland,Minnesota,1990.4.a,post,1020,9.791272995,8.836097265,0.95517573,0
Iowa,Texas,1990.4.a,post,1020,7.455172112,8.402005253,-0.94683314,0
Arkansas,Oklahoma,1990.4.a,post,1020,8.903165209,7.960703306,0.942461902,0
Iowa,Nebraska,1990.4.a,post,1020,12.81410465,11.87507829,0.939026356,0
Pennsylvania,Wyoming,1990.4.a,post,1020,11.95829156,11.021438,0.936853563,0
Nebraska,Ohio,1990.4.a,post,1020,11.87355087,10.94049321,0.933057652,0
Minnesota,Iowa,1990.4.a,post,1020,10.38961894,11.32235419,-0.932735251,0
Iowa,South_Dakota,1990.4.a,post,1020,12.69100654,11.76468292,0.926323622,0
Kentucky,Ohio,1990.4.a,post,1020,10.06695915,10.98999238,-0.923033225,0
Missouri,Wyoming,1990.4.a,post,1020,10.93596998,10.0148176,0.921152383,0
Arkansas,Colorado,1990.4.a,post,1020,17.69417355,18.61516996,-0.920996411,0
Ohio,Kentucky,1990.4.a,post,1020,10.06695915,10.98023735,-0.913278198,0
Virginia,Arkansas,1990.4.a,post,1020,9.478398203,8.567509421,0.910888782,0
Maryland,Indiana,1990.4.a,post,1020,8.193268292,7.284936806,0.908331486,0
South_Dakota,Wyoming,1990.4.a,post,1020,10.49997206,11.40305687,-0.903084808,0
Wyoming,Pennsylvania,1990.4.a,post,1020,11.95829156,11.05592314,0.902368419,0
Indiana,Maryland,1990.4.a,post,1020,8.193268292,7.291575892,0.9016924,0
Wyoming,Missouri,1990.4.a,post,1020,10.93596998,10.03511819,0.900851797,0
South_Dakota,Oklahoma,1990.4.a,post,1020,10.55460298,9.659564069,0.895038916,0
South_Dakota,Iowa,1990.4.a,post,1020,12.69100654,11.81083298,0.880173563,0
Oklahoma,Nebraska,1990.4.a,post,1020,10.54813656,9.675207687,0.872928876,0
Ohio,Nebraska,1990.4.a,post,1020,11.87355087,11.00266439,0.870886478,0
Indiana,Pennsylvania,1990.4.a,post,1020,9.745014309,10.61368436,-0.868670053,0
Arkansas,Indiana,1990.4.a,post,1020,10.02588078,9.159196203,0.86668458,0
Pennsylvania,Michigan,1990.4.a,post,1020,11.5141385,10.65335079,0.860787715,0
Wyoming,South_Dakota,1990.4.a,post,1020,10.49997206,11.3570953,-0.857123246,0
Oklahoma,California,1990.4.a,post,1020,6.620748231,7.475549606,-0.854801375,0
Arkansas,Wyoming,1990.4.a,post,1020,8.707576966,9.561123803,-0.853546837,0
North_Dakota,Indiana,1990.4.a,post,1020,11.25923292,10.40605955,0.853173373,0
Kansas,Pennsylvania,1990.4.a,post,1020,12.01827679,11.16801545,0.850261334,0
North_Dakota,Virginia,1990.4.a,post,1020,10.74001799,9.891895234,0.848122759,0
Texas,Colorado,1990.4.a,post,1020,18.05922994,17.21165807,0.847571868,0
South_Dakota,Indiana,1990.4.a,post,1020,12.18192671,11.33565531,0.846271401,0
Arkansas,Virginia,1990.4.a,post,1020,9.478398203,8.632725002,0.845673201,0
North_Carolina,North_Dakota,1990.4.a,post,1020,9.825594192,10.66780681,-0.842212618,0
Indiana,Arkansas,1990.4.a,post,1020,10.02588078,9.184223035,0.841657747,0
Kentucky,Pennsylvania,1990.4.a,post,1020,11.45312297,12.29451192,-0.841388954,0
Colorado,Texas,1990.4.a,post,1020,18.05922994,17.22049317,0.838736766,0
Nebraska,Oklahoma,1990.4.a,post,1020,10.54813656,9.716477242,0.831659321,0
Pennsylvania,Indiana,1990.4.a,post,1020,9.745014309,10.57222128,-0.827206971,0
California,Oklahoma,1990.4.a,post,1020,6.620748231,7.443578135,-0.822829904,0
Wyoming,Arkansas,1990.4.a,post,1020,8.707576966,9.526627457,-0.819050491,0
Pennsylvania,Kentucky,1990.4.a,post,1020,11.45312297,12.27196122,-0.818838256,0
Missouri,Kansas,1990.4.a,post,1020,11.19370851,10.38365815,0.810050364,0
Colorado,Arkansas,1990.4.a,post,1020,17.69417355,18.50236493,-0.808191384,0
Iowa,Wyoming,1990.4.a,post,1020,10.83978381,10.03895083,0.800832974,0
Michigan,Pennsylvania,1990.4.a,post,1020,11.5141385,10.71786248,0.796276028,0
Ohio,Texas,1990.4.a,post,1020,7.093726831,7.888566375,-0.794839544,0
North_Dakota,North_Carolina,1990.4.a,post,1020,9.825594192,10.61997826,-0.79438407,0
Kansas,California,1990.4.a,post,1020,9.813219299,9.019775507,0.793443792,0
California,Kansas,1990.4.a,post,1020,9.813219299,9.020868483,0.792350816,0
Ohio,Iowa,1990.4.a,post,1020,8.78572873,9.577498137,-0.791769406,0
Pennsylvania,Kansas,1990.4.a,post,1020,12.01827679,11.23109513,0.787181659,0
Iowa,Ohio,1990.4.a,post,1020,8.78572873,9.569769711,-0.784040981,0
Arkansas,Kentucky,1990.4.a,post,1020,11.69234919,10.91093382,0.781415365,0
Kansas,Missouri,1990.4.a,post,1020,11.19370851,10.41668324,0.777025267,0
Nebraska,Minnesota,1990.4.a,post,1020,13.27774826,12.50259957,0.775148689,0
Indiana,North_Dakota,1990.4.a,post,1020,11.25923292,10.49386856,0.765364364,0
North_Dakota,Kentucky,1990.4.a,post,1020,12.77370947,12.00873151,0.764977963,0
Texas,Ohio,1990.4.a,post,1020,7.093726831,7.85743861,-0.763711779,0
Minnesota,Nebraska,1990.4.a,post,1020,13.27774826,12.51567397,0.762074282,0
Maryland,California,1990.4.a,post,1020,7.670696041,6.910929364,0.759766677,0
Oklahoma,South_Dakota,1990.4.a,post,1020,10.55460298,9.795799656,0.758803328,0
California,Maryland,1990.4.a,post,1020,7.670696041,6.922530331,0.74816571,0
Michigan,Iowa,1990.4.a,post,1020,10.6393578,9.891782079,0.747575718,0
California,Indiana,1990.4.a,post,1020,8.262316408,9.005415033,-0.743098626,0
Minnesota,Indiana,1990.4.a,post,1020,10.24411416,10.97984291,-0.735728751,0
Wyoming,Iowa,1990.4.a,post,1020,10.83978381,10.10452843,0.735255382,0
Indiana,California,1990.4.a,post,1020,8.262316408,8.995412312,-0.733095904,0
California,Minnesota,1990.4.a,post,1020,9.411900474,10.14494301,-0.733042537,0
Virginia,Missouri,1990.4.a,post,1020,8.556081872,9.280966391,-0.724884519,0
Iowa,Michigan,1990.4.a,post,1020,10.6393578,9.918176144,0.721181653,0
Kentucky,North_Dakota,1990.4.a,post,1020,12.77370947,12.05254443,0.72116504,0
Virginia,North_Dakota,1990.4.a,post,1020,10.74001799,10.01942314,0.720594857,0
Indiana,Minnesota,1990.4.a,post,1020,10.24411416,10.94742776,-0.703313599,0
California,Kentucky,1990.4.a,post,1020,9.981822049,10.68147715,-0.699655105,0
Missouri,Virginia,1990.4.a,post,1020,8.556081872,9.252330244,-0.696248372,0
Kansas,Kentucky,1990.4.a,post,1020,12.49186827,11.79665417,0.6952141,0
Kentucky,Kansas,1990.4.a,post,1020,12.49186827,11.79770491,0.694163364,0
Missouri,Michigan,1990.4.a,post,1020,10.565521,9.872318244,0.693202761,0
Colorado,North_Dakota,1990.4.a,post,1020,18.95625797,19.64580924,-0.689551262,0
Indiana,Colorado,1990.4.a,post,1020,19.78236403,19.09404483,0.688319199,0
Virginia,Texas,1990.4.a,post,1020,7.023089138,7.710866074,-0.687776936,0
Iowa,Kansas,1990.4.a,post,1020,10.90400486,10.22035827,0.683646587,0
Kansas,Iowa,1990.4.a,post,1020,10.90400486,10.22777518,0.676229676,0
Colorado,Indiana,1990.4.a,post,1020,19.78236403,19.10863574,0.673728282,0
Iowa,Indiana,1990.4.a,post,1020,9.258603987,9.920934539,-0.662330553,0
Wyoming,Minnesota,1990.4.a,post,1020,11.59283278,10.93429794,0.658534843,0
North_Dakota,Colorado,1990.4.a,post,1020,18.95625797,19.61389519,-0.657637214,0
Minnesota,California,1990.4.a,post,1020,9.411900474,10.06635744,-0.654456971,0
Michigan,Minnesota,1990.4.a,post,1020,11.53996681,10.89084174,0.649125079,0
Wyoming,Texas,1990.4.a,post,1020,8.778279709,8.130143065,0.648136644,0
Texas,Virginia,1990.4.a,post,1020,7.023089138,7.671017431,-0.647928293,0
Kentucky,California,1990.4.a,post,1020,9.981822049,10.6249176,-0.643095554,0
Minnesota,Wyoming,1990.4.a,post,1020,11.59283278,10.95352209,0.639310693,0
Minnesota,Ohio,1990.4.a,post,1020,9.986423972,10.62511669,-0.638692721,0
Maryland,Texas,1990.4.a,post,1020,6.743076214,6.110242164,0.63283405,0
Michigan,Missouri,1990.4.a,post,1020,10.565521,9.953016563,0.612504442,0
Texas,Wyoming,1990.4.a,post,1020,8.778279709,8.169188869,0.60909084,0
Ohio,Colorado,1990.4.a,post,1020,19.38634635,18.77969318,0.606653165,0
Kansas,Texas,1990.4.a,post,1020,8.817060742,8.212526652,0.60453409,0
Indiana,Iowa,1990.4.a,post,1020,9.258603987,9.861825043,-0.603221057,0
Texas,Maryland,1990.4.a,post,1020,6.743076214,6.142453368,0.600622846,0
Minnesota,Michigan,1990.4.a,post,1020,11.53996681,10.9396865,0.600280317,0
Ohio,Minnesota,1990.4.a,post,1020,9.986423972,10.57555262,-0.589128646,0
Illinois,Maryland,1990.4.a,post,1020,6.693897803,7.279846985,-0.585949182,0
Ohio,Kansas,1990.4.a,post,1020,10.27125273,9.691133737,0.580118994,0
Wyoming,Colorado,1990.4.a,post,1020,18.27810594,18.85763177,-0.579525829,0
Kansas,Colorado,1990.4.a,post,1020,18.49598553,19.07492062,-0.578935091,0
Arkansas,Kansas,1990.4.a,post,1020,8.95727161,9.534387765,-0.577116155,0
Oklahoma,Iowa,1990.4.a,post,1020,7.983515028,8.553645585,-0.570130557,0
Texas,Kansas,1990.4.a,post,1020,8.817060742,8.247286735,0.569774007,0
Kentucky,Wyoming,1990.4.a,post,1020,12.11896768,11.55197002,0.566997651,0
Colorado,Ohio,1990.4.a,post,1020,19.38634635,18.81992925,0.566417098,0
Indiana,Texas,1990.4.a,post,1020,7.63644389,8.199363901,-0.56292001,0
Indiana,Kansas,1990.4.a,post,1020,10.58198162,10.02415472,0.557826899,0
North_Dakota,Wyoming,1990.4.a,post,1020,9.969003818,10.52456873,-0.555564909,0
Maryland,Illinois,1990.4.a,post,1020,6.693897803,7.249219066,-0.555321262,0
Kansas,Indiana,1990.4.a,post,1020,10.58198162,10.03071948,0.551262138,0
Virginia,South_Dakota,1990.4.a,post,1020,11.20176209,10.65171997,0.550042119,0
Texas,Minnesota,1990.4.a,post,1020,8.891261998,9.438596612,-0.547334613,0
Kansas,Arkansas,1990.4.a,post,1020,8.95727161,9.504416807,-0.547145197,0
Iowa,Oklahoma,1990.4.a,post,1020,7.983515028,8.529184504,-0.545669476,0
Texas,Indiana,1990.4.a,post,1020,7.63644389,8.179404686,-0.542960796,0
Kentucky,Michigan,1990.4.a,post,1020,10.9807919,11.51883535,-0.538043452,0
Wyoming,North_Dakota,1990.4.a,post,1020,9.969003818,10.50251992,-0.533516106,0
Colorado,Kansas,1990.4.a,post,1020,18.49598553,19.02873611,-0.532750583,0
Kansas,Ohio,1990.4.a,post,1020,10.27125273,9.741132966,0.530119765,0
Minnesota,Texas,1990.4.a,post,1020,8.891261998,9.419561202,-0.528299204,0
Kansas,North_Dakota,1990.4.a,post,1020,10.22112576,10.74893868,-0.527812926,0
Michigan,California,1990.4.a,post,1020,9.635991943,9.110643393,0.52534855,0
Michigan,Kentucky,1990.4.a,post,1020,10.9807919,11.4977262,-0.516934304,0
South_Dakota,Minnesota,1990.4.a,post,1020,13.13741195,12.63167332,0.505738635,0
Michigan,Virginia,1990.4.a,post,1020,9.592661219,9.087549413,0.505111806,0
Minnesota,South_Dakota,1990.4.a,post,1020,13.13741195,12.63996266,0.497449291,0
Virginia,Maryland,1990.4.a,post,1020,7.057504639,6.563392412,0.494112227,0
Maryland,Virginia,1990.4.a,post,1020,7.057504639,6.570791613,0.486713026,0
Virginia,Oklahoma,1990.4.a,post,1020,7.435683082,7.921811551,-0.486128469,0
Ohio,Oklahoma,1990.4.a,post,1020,7.535998397,8.016554283,-0.480555886,0
Virginia,Michigan,1990.4.a,post,1020,9.592661219,9.115849025,0.476812194,0
Colorado,Wyoming,1990.4.a,post,1020,18.27810594,18.75264129,-0.474535343,0
California,Michigan,1990.4.a,post,1020,9.635991943,9.164741128,0.471250815,0
Texas,Kentucky,1990.4.a,post,1020,9.409164098,9.877163977,-0.46799988,0
Minnesota,Kansas,1990.4.a,post,1020,11.64148903,11.1800866,0.461402423,0
Kentucky,Texas,1990.4.a,post,1020,9.409164098,9.868928376,-0.459764278,0
Kentucky,Illinois,1990.4.a,post,1020,11.37234515,10.91398152,0.45836363,0
Oklahoma,Ohio,1990.4.a,post,1020,7.535998397,7.992678652,-0.456680255,0
South_Dakota,Virginia,1990.4.a,post,1020,11.20176209,10.7497799,0.451982183,0
Wyoming,Virginia,1990.4.a,post,1020,8.882770681,9.327708492,-0.444937811,0
Kansas,Oklahoma,1990.4.a,post,1020,8.810271688,8.36560946,0.444662228,0
North_Carolina,Kentucky,1990.4.a,post,1020,11.65201882,11.20814691,0.443871904,0
Virginia,North_Carolina,1990.4.a,post,1020,9.101968378,8.658149585,0.443818792,0
Oklahoma,Kansas,1990.4.a,post,1020,8.810271688,8.366456255,0.443815433,0
Indiana,Ohio,1990.4.a,post,1020,8.645508819,9.087814344,-0.442305525,0
Texas,Michigan,1990.4.a,post,1020,8.830215517,8.394276796,0.435938721,0
North_Carolina,Virginia,1990.4.a,post,1020,9.101968378,8.667724614,0.434243764,0
Illinois,Kentucky,1990.4.a,post,1020,11.37234515,10.93898772,0.43335743,0
Michigan,Texas,1990.4.a,post,1020,8.830215517,8.404130173,0.426085343,0
Wyoming,Kentucky,1990.4.a,post,1020,12.11896768,11.70653383,0.412433849,0
Ohio,Indiana,1990.4.a,post,1020,8.645508819,9.053609894,-0.408101075,0
Oklahoma,Virginia,1990.4.a,post,1020,7.435683082,7.827461105,-0.391778024,0
Kansas,Minnesota,1990.4.a,post,1020,11.64148903,11.25011507,0.391373957,0
Ohio,Michigan,1990.4.a,post,1020,9.777525014,9.389973164,0.38755185,0
Virginia,Iowa,1990.4.a,post,1020,9.019223892,9.404390522,-0.385166629,0
Oklahoma,Maryland,1990.4.a,post,1020,6.593949223,6.210608181,0.383341041,0
Michigan,Oklahoma,1990.4.a,post,1020,8.885478007,8.503780466,0.381697542,0
Kentucky,North_Carolina,1990.4.a,post,1020,11.65201882,11.27092838,0.381090434,0
North_Dakota,Kansas,1990.4.a,post,1020,10.22112576,10.5977716,-0.376645842,0
Michigan,Ohio,1990.4.a,post,1020,9.777525014,9.401795881,0.375729133,0
North_Carolina,Nebraska,1990.4.a,post,1020,11.79636637,11.43636961,0.359996757,0
Oklahoma,Michigan,1990.4.a,post,1020,8.885478007,8.525710984,0.359767023,0
Maryland,North_Carolina,1990.4.a,post,1020,7.648861524,7.294783178,0.354078346,0
California,Illinois,1990.4.a,post,1020,8.537478479,8.889782693,-0.352304214,0
Maryland,Oklahoma,1990.4.a,post,1020,6.593949223,6.249659378,0.344289844,0
North_Carolina,Maryland,1990.4.a,post,1020,7.648861524,7.315200019,0.333661504,0
Nebraska,North_Carolina,1990.4.a,post,1020,11.79636637,11.46758399,0.328782378,0
Illinois,California,1990.4.a,post,1020,8.537478479,8.857059448,-0.319580969,0
South_Dakota,North_Carolina,1990.4.a,post,1020,11.72177895,11.41212057,0.309658375,0
Virginia,Wyoming,1990.4.a,post,1020,8.882770681,9.188084168,-0.305313487,0
Oklahoma,Indiana,1990.4.a,post,1020,8.049623962,8.352564877,-0.302940916,0
Iowa,Virginia,1990.4.a,post,1020,9.019223892,9.314395972,-0.29517208,0
Wyoming,Oklahoma,1990.4.a,post,1020,8.638968761,8.368714344,0.270254417,0
Wyoming,Indiana,1990.4.a,post,1020,10.12820722,9.861198862,0.267008363,0
Indiana,Oklahoma,1990.4.a,post,1020,8.049623962,8.315866619,-0.266242657,0
Illinois,Indiana,1990.4.a,post,1020,9.478407033,9.215629486,0.262777547,0
Virginia,Nebraska,1990.4.a,post,1020,11.05123325,10.79157908,0.259654178,0
Colorado,Oklahoma,1990.4.a,post,1020,17.72562827,17.46674923,0.258879045,0
Colorado,Illinois,1990.4.a,post,1020,18.65869787,18.91505008,-0.256352211,0
North_Carolina,South_Dakota,1990.4.a,post,1020,11.72177895,11.48213132,0.239647629,0
Minnesota,Oklahoma,1990.4.a,post,1020,9.326599685,9.562005948,-0.235406263,0
Indiana,Illinois,1990.4.a,post,1020,9.478407033,9.246046745,0.232360288,0
Kansas,Virginia,1990.4.a,post,1020,9.780465895,9.552869898,0.227595997,0
Missouri,North_Carolina,1990.4.a,post,1020,9.771916887,9.99612539,-0.224208503,0
Oklahoma,Colorado,1990.4.a,post,1020,17.72562827,17.50401039,0.221617885,0
Oklahoma,Wyoming,1990.4.a,post,1020,8.638968761,8.41903657,0.21993219,0
Oklahoma,Kentucky,1990.4.a,post,1020,9.867324308,10.07750642,-0.210182109,0
Virginia,Kansas,1990.4.a,post,1020,9.780465895,9.570511354,0.209954542,0
North_Carolina,Michigan,1990.4.a,post,1020,9.750298309,9.954811469,-0.20451316,0
Oklahoma,Minnesota,1990.4.a,post,1020,9.326599685,9.528816817,-0.202217132,0
Nebraska,Virginia,1990.4.a,post,1020,11.05123325,10.84915786,0.202075396,0
Illinois,South_Dakota,1990.4.a,post,1020,10.75112353,10.95186685,-0.200743321,0
North_Carolina,Pennsylvania,1990.4.a,post,1020,10.48879593,10.68481655,-0.196020615,0
Ohio,Illinois,1990.4.a,post,1020,9.135268438,8.941890273,0.193378165,0
Illinois,Colorado,1990.4.a,post,1020,18.65869787,18.85078841,-0.192090542,0
Michigan,North_Carolina,1990.4.a,post,1020,9.750298309,9.935856151,-0.185557842,0
South_Dakota,Illinois,1990.4.a,post,1020,10.75112353,10.93249775,-0.181374224,0
Pennsylvania,North_Carolina,1990.4.a,post,1020,10.48879593,10.66941217,-0.180616243,0
Maryland,Michigan,1990.4.a,post,1020,7.301965072,7.482373277,-0.180408205,0
North_Carolina,California,1990.4.a,post,1020,8.973025168,9.150691746,-0.177666578,0
Kentucky,Oklahoma,1990.4.a,post,1020,9.867324308,10.04397996,-0.176655652,0
Ohio,North_Carolina,1990.4.a,post,1020,9.397406133,9.224424309,0.172981824,0
North_Carolina,Missouri,1990.4.a,post,1020,9.771916887,9.942416934,-0.170500047,0
Illinois,Missouri,1990.4.a,post,1020,9.611023165,9.444866476,0.166156689,0
North_Carolina,Ohio,1990.4.a,post,1020,9.397406133,9.231330306,0.166075827,0
Missouri,Illinois,1990.4.a,post,1020,9.611023165,9.445980912,0.165042253,0
California,North_Carolina,1990.4.a,post,1020,8.973025168,9.137935268,-0.1649101,0
Kansas,Michigan,1990.4.a,post,1020,10.31497806,10.15057812,0.164399941,0
Wyoming,Illinois,1990.4.a,post,1020,9.447901296,9.609328131,-0.161426834,0
Nebraska,Illinois,1990.4.a,post,1020,10.8996345,11.05983355,-0.160199044,0
Indiana,Wyoming,1990.4.a,post,1020,10.12820722,9.968516393,0.159690832,0
North_Carolina,Colorado,1990.4.a,post,1020,19.44716995,19.28875093,0.158419023,0
Pennsylvania,Illinois,1990.4.a,post,1020,10.65153483,10.49367191,0.157862921,0
Nebraska,Michigan,1990.4.a,post,1020,11.4877547,11.33206588,0.155688824,0
South_Dakota,Michigan,1990.4.a,post,1020,11.38963915,11.23653487,0.153104275,0
Michigan,Nebraska,1990.4.a,post,1020,11.4877547,11.33528967,0.152465032,0
North_Carolina,Iowa,1990.4.a,post,1020,10.08658588,10.23535866,-0.148772786,0
Minnesota,Virginia,1990.4.a,post,1020,10.27447889,10.42175423,-0.14727534,0
Illinois,Minnesota,1990.4.a,post,1020,10.94033079,10.79390313,0.14642766,0
Virginia,Minnesota,1990.4.a,post,1020,10.27447889,10.41453262,-0.140053732,0
Michigan,Maryland,1990.4.a,post,1020,7.301965072,7.439607436,-0.137642364,0
Illinois,Nebraska,1990.4.a,post,1020,10.8996345,11.03686983,-0.137235329,0
Oklahoma,Illinois,1990.4.a,post,1020,8.143095597,8.008135525,0.134960071,0
Illinois,Ohio,1990.4.a,post,1020,9.135268438,9.000597486,0.134670952,0
Oklahoma,North_Carolina,1990.4.a,post,1020,8.410723416,8.54187675,-0.131153334,0
Kansas,North_Carolina,1990.4.a,post,1020,10.34119846,10.21061455,0.130583913,0
Michigan,Kansas,1990.4.a,post,1020,10.31497806,10.19023269,0.124745364,0
North_Carolina,Wyoming,1990.4.a,post,1020,10.13374803,10.01027508,0.123472947,0
Minnesota,North_Carolina,1990.4.a,post,1020,11.26313331,11.14199328,0.121140031,0
Illinois,Oklahoma,1990.4.a,post,1020,8.143095597,8.023181255,0.119914342,0
North_Carolina,Texas,1990.4.a,post,1020,8.21880784,8.338243393,-0.119435553,0
Colorado,North_Carolina,1990.4.a,post,1020,19.44716995,19.32852348,0.118646469,0
Texas,North_Carolina,1990.4.a,post,1020,8.21880784,8.334123914,-0.115316074,0
Iowa,North_Carolina,1990.4.a,post,1020,10.08658588,10.19486509,-0.10827921,0
Illinois,Wyoming,1990.4.a,post,1020,9.447901296,9.555103224,-0.107201928,0
Michigan,Illinois,1990.4.a,post,1020,9.661592366,9.556402337,0.105190028,0
North_Carolina,Indiana,1990.4.a,post,1020,9.734944162,9.630124805,0.104819357,0
Michigan,Wyoming,1990.4.a,post,1020,9.968306556,10.07256169,-0.104255133,0
North_Dakota,Illinois,1990.4.a,post,1020,10.15490898,10.25584345,-0.100934474,0
Illinois,Iowa,1990.4.a,post,1020,9.856407516,9.762213992,0.094193524,0
Wyoming,Ohio,1990.4.a,post,1020,9.568293928,9.474457006,0.093836923,0
Wyoming,North_Carolina,1990.4.a,post,1020,10.13374803,10.03993579,0.093812237,0
Kansas,Wyoming,1990.4.a,post,1020,9.909649907,10.0028506,-0.093200694,0
Illinois,North_Dakota,1990.4.a,post,1020,10.15490898,10.24763461,-0.092725636,0
Michigan,South_Dakota,1990.4.a,post,1020,11.38963915,11.30359076,0.086048384,0
North_Carolina,Oklahoma,1990.4.a,post,1020,8.410723416,8.495968142,-0.085244726,0
Minnesota,Illinois,1990.4.a,post,1020,10.94033079,10.85649947,0.083831317,0
Indiana,North_Carolina,1990.4.a,post,1020,9.734944162,9.651180005,0.083764158,0
Ohio,Virginia,1990.4.a,post,1020,8.273400412,8.355827635,-0.082427223,0
Indiana,Michigan,1990.4.a,post,1020,9.873603081,9.791326363,0.082276718,0
Ohio,Wyoming,1990.4.a,post,1020,9.568293928,9.486275122,0.082018807,0
Virginia,Ohio,1990.4.a,post,1020,8.273400412,8.355051835,-0.081651423,0
Wyoming,Michigan,1990.4.a,post,1020,9.968306556,10.0427246,-0.07441804,0
Illinois,Pennsylvania,1990.4.a,post,1020,10.65153483,10.57779437,0.073740464,0
Illinois,Michigan,1990.4.a,post,1020,9.661592366,9.595556481,0.066035885,0
North_Carolina,Minnesota,1990.4.a,post,1020,11.26313331,11.20119288,0.061940435,0
Colorado,Michigan,1990.4.a,post,1020,19.27073694,19.21436584,0.0563711,0
Michigan,Colorado,1990.4.a,post,1020,19.27073694,19.2225117,0.048225236,0
Illinois,Texas,1990.4.a,post,1020,7.946855205,7.992770367,-0.045915162,0
North_Carolina,Kansas,1990.4.a,post,1020,10.34119846,10.29954386,0.041654602,0
Michigan,Indiana,1990.4.a,post,1020,9.873603081,9.834236798,0.039366282,0
Virginia,Colorado,1990.4.a,post,1020,18.6786122,18.64094274,0.037669463,0
Wyoming,Kansas,1990.4.a,post,1020,9.909649907,9.944116838,-0.03446693,0
North_Carolina,Illinois,1990.4.a,post,1020,9.586132445,9.556802208,0.029330237,0
Arkansas,Illinois,1990.4.a,post,1020,8.889319084,8.917390284,-0.028071199,0
Colorado,Virginia,1990.4.a,post,1020,18.6786122,18.65058671,0.028025492,0
Illinois,Kansas,1990.4.a,post,1020,9.729987967,9.702703854,0.027284113,0
Kansas,Illinois,1990.4.a,post,1020,9.729987967,9.70285203,0.027135937,0
Illinois,Virginia,1990.4.a,post,1020,8.842232587,8.86843331,-0.026200723,0
Texas,Illinois,1990.4.a,post,1020,7.946855205,7.970192964,-0.023337759,0
Iowa,Illinois,1990.4.a,post,1020,9.856407516,9.8382999,0.018107615,0
Virginia,Indiana,1990.4.a,post,1020,8.856216878,8.846307429,0.009909449,0
Illinois,Arkansas,1990.4.a,post,1020,8.889319084,8.880601163,0.008717921,0
Indiana,Virginia,1990.4.a,post,1020,8.856216878,8.862195414,-0.005978536,0
Illinois,North_Carolina,1990.4.a,post,1020,9.586132445,9.58434941,0.001783036,0
Virginia,Illinois,1990.4.a,post,1020,8.842232587,8.841248791,0.000983796,0
North_Carolina,Oklahoma,1990.4.b1,post,1020,5.591894296,15.30297742,-9.711083126,1
Oklahoma,North_Carolina,1990.4.b1,post,1020,5.591894296,15.13566592,-9.543771622,1
Kansas,North_Carolina,1990.4.b1,post,1020,7.748118395,13.12746453,-5.379346139,0.97254902
North_Carolina,Kansas,1990.4.b1,post,1020,7.748118395,13.16530035,-5.41718196,0.971568627
Oklahoma,Kansas,1990.4.b1,post,1020,7.236304007,11.87479157,-4.63848756,0.104901961
Kansas,Oklahoma,1990.4.b1,post,1020,7.236304007,11.44299789,-4.206693886,0.056862745
Arkansas,Oklahoma,1990.4.b1,post,1020,12.1978736,7.734092611,4.463780989,0.018627451
Oklahoma,Arkansas,1990.4.b1,post,1020,12.1978736,8.087530379,4.11034322,0.003921569
Minnesota,Oklahoma,1990.4.b1,post,1020,14.75333167,11.61775811,3.13557356,0
Ohio,North_Carolina,1990.4.b1,post,1020,11.99895299,8.89788535,3.101067644,0
South_Dakota,Oklahoma,1990.4.b1,post,1020,14.04664661,11.00872987,3.037916745,0
Oklahoma,South_Dakota,1990.4.b1,post,1020,14.04664661,11.0508697,2.995776917,0
Kentucky,North_Carolina,1990.4.b1,post,1020,12.29105415,9.295930646,2.995123501,0
North_Carolina,Iowa,1990.4.b1,post,1020,13.34664324,10.39547969,2.951163549,0
Oklahoma,Minnesota,1990.4.b1,post,1020,14.75333167,11.83024614,2.923085533,0
South_Dakota,North_Carolina,1990.4.b1,post,1020,14.16951898,11.3882546,2.781264384,0
North_Carolina,Ohio,1990.4.b1,post,1020,11.99895299,9.218500939,2.780452054,0
North_Carolina,Minnesota,1990.4.b1,post,1020,14.86254106,12.11686206,2.745679002,0
Kentucky,Oklahoma,1990.4.b1,post,1020,12.13168524,9.391317254,2.74036799,0
North_Carolina,Kentucky,1990.4.b1,post,1020,12.29105415,9.659697942,2.631356205,0
Arkansas,North_Carolina,1990.4.b1,post,1020,12.35928057,9.772262738,2.587017834,0
North_Carolina,South_Dakota,1990.4.b1,post,1020,14.16951898,11.58644938,2.583069601,0
Oklahoma,Iowa,1990.4.b1,post,1020,13.21502262,10.65036111,2.564661508,0
Oklahoma,Kentucky,1990.4.b1,post,1020,12.13168524,9.607300471,2.524384773,0
Indiana,North_Carolina,1990.4.b1,post,1020,11.82604309,9.332875113,2.493167976,0
Ohio,Oklahoma,1990.4.b1,post,1020,11.8410728,9.351744993,2.489327805,0
North_Carolina,Arkansas,1990.4.b1,post,1020,12.35928057,9.894107858,2.465172714,0
North_Carolina,Indiana,1990.4.b1,post,1020,11.82604309,9.53533532,2.29070777,0
Indiana,Oklahoma,1990.4.b1,post,1020,11.66562371,9.380854551,2.284769157,0
Kansas,Minnesota,1990.4.b1,post,1020,11.45748855,9.184902273,2.272586274,0
Minnesota,North_Carolina,1990.4.b1,post,1020,14.86254106,12.63356851,2.228972553,0
Kansas,Arkansas,1990.4.b1,post,1020,8.937314727,6.743801871,2.193512856,0
Iowa,Oklahoma,1990.4.b1,post,1020,13.21502262,11.02746983,2.187552791,0
South_Dakota,Kansas,1990.4.b1,post,1020,10.75913393,8.585957652,2.17317628,0
Arkansas,Kansas,1990.4.b1,post,1020,8.937314727,6.819520292,2.117794435,0
Oklahoma,Ohio,1990.4.b1,post,1020,11.8410728,9.743802047,2.097270751,0
Oklahoma,Indiana,1990.4.b1,post,1020,11.66562371,9.573118443,2.092505266,0
Arkansas,Indiana,1990.4.b1,post,1020,2.063416257,4.102825745,-2.039409487,0
Arkansas,Ohio,1990.4.b1,post,1020,2.36601139,4.353173424,-1.987162034,0
Illinois,North_Carolina,1990.4.b1,post,1020,12.19492417,10.21564672,1.97927745,0
Indiana,Arkansas,1990.4.b1,post,1020,2.063416257,4.017268916,-1.953852659,0
Minnesota,Kansas,1990.4.b1,post,1020,11.45748855,9.51601219,1.941476356,0
North_Carolina,Illinois,1990.4.b1,post,1020,12.19492417,10.28434595,1.910578223,0
Kansas,South_Dakota,1990.4.b1,post,1020,10.75913393,8.874548763,1.884585169,0
Iowa,Ohio,1990.4.b1,post,1020,4.047739005,5.916204847,-1.868465842,0
Ohio,Iowa,1990.4.b1,post,1020,4.047739005,5.912973964,-1.865234959,0
Illinois,Oklahoma,1990.4.b1,post,1020,12.020444,10.17056596,1.849878037,0
Indiana,South_Dakota,1990.4.b1,post,1020,4.024268211,5.849738913,-1.825470701,0
Kentucky,Iowa,1990.4.b1,post,1020,4.462183961,6.245983586,-1.783799625,0
South_Dakota,Ohio,1990.4.b1,post,1020,4.106981926,5.890232064,-1.783250138,0
Ohio,Arkansas,1990.4.b1,post,1020,2.36601139,4.141113567,-1.775102177,0
Ohio,South_Dakota,1990.4.b1,post,1020,4.106981926,5.879003391,-1.772021465,0
Minnesota,Ohio,1990.4.b1,post,1020,4.718009454,6.484520073,-1.76651062,0
Indiana,Iowa,1990.4.b1,post,1020,3.98209612,5.73130433,-1.74920821,0
Minnesota,Kentucky,1990.4.b1,post,1020,5.169700957,6.914119069,-1.744418112,0
Iowa,Kansas,1990.4.b1,post,1020,10.14624725,8.479023056,1.667224197,0
Kentucky,Arkansas,1990.4.b1,post,1020,2.641941672,4.252149998,-1.610208326,0
Iowa,Indiana,1990.4.b1,post,1020,3.98209612,5.555380337,-1.573284216,0
Iowa,North_Carolina,1990.4.b1,post,1020,13.34664324,11.78909619,1.557547046,0
Minnesota,Indiana,1990.4.b1,post,1020,4.671395103,6.204038267,-1.532643164,0
Arkansas,Iowa,1990.4.b1,post,1020,4.576595498,6.087906104,-1.511310606,0
Kansas,Iowa,1990.4.b1,post,1020,10.14624725,8.640986562,1.505260691,0
South_Dakota,Illinois,1990.4.b1,post,1020,5.009527083,6.510585575,-1.501058492,0
Iowa,Kentucky,1990.4.b1,post,1020,4.462183961,5.945221999,-1.483038038,0
Oklahoma,Illinois,1990.4.b1,post,1020,12.020444,10.54168108,1.478762917,0
South_Dakota,Kentucky,1990.4.b1,post,1020,4.468027305,5.94140235,-1.473375045,0
Illinois,South_Dakota,1990.4.b1,post,1020,5.009527083,6.440415012,-1.430887929,0
Kentucky,South_Dakota,1990.4.b1,post,1020,4.468027305,5.876011509,-1.407984203,0
Kentucky,Kansas,1990.4.b1,post,1020,8.866284638,7.461908728,1.404375909,0
Kentucky,Minnesota,1990.4.b1,post,1020,5.169700957,6.568144586,-1.398443629,0
Ohio,Minnesota,1990.4.b1,post,1020,4.718009454,6.107253302,-1.389243849,0
South_Dakota,Indiana,1990.4.b1,post,1020,4.024268211,5.39836528,-1.374097069,0
Arkansas,South_Dakota,1990.4.b1,post,1020,4.577485745,5.939892267,-1.362406522,0
Kansas,Kentucky,1990.4.b1,post,1020,8.866284638,7.51978913,1.346495508,0
Iowa,Arkansas,1990.4.b1,post,1020,4.576595498,5.885977184,-1.309381686,0
Indiana,Minnesota,1990.4.b1,post,1020,4.671395103,5.933676256,-1.262281154,0
South_Dakota,Minnesota,1990.4.b1,post,1020,4.508392037,5.723824984,-1.215432947,0
Arkansas,Kentucky,1990.4.b1,post,1020,2.641941672,3.780829452,-1.13888778,0
Minnesota,Iowa,1990.4.b1,post,1020,4.74868968,5.866246512,-1.117556832,0
Arkansas,Minnesota,1990.4.b1,post,1020,5.295323902,6.40937743,-1.114053528,0
Ohio,Kansas,1990.4.b1,post,1020,8.575754807,7.465913376,1.109841431,0
Kansas,Ohio,1990.4.b1,post,1020,8.575754807,7.471722404,1.104032403,0
Kansas,Indiana,1990.4.b1,post,1020,8.411417873,7.340990005,1.070427868,0
Minnesota,Illinois,1990.4.b1,post,1020,5.482646879,6.528946525,-1.046299647,0
Indiana,Kansas,1990.4.b1,post,1020,8.411417873,7.379745183,1.031672691,0
Arkansas,Illinois,1990.4.b1,post,1020,3.88548501,4.881853966,-0.996368956,0
Illinois,Minnesota,1990.4.b1,post,1020,5.482646879,6.433822073,-0.951175195,0
Iowa,Minnesota,1990.4.b1,post,1020,4.74868968,5.698897868,-0.950208189,0
Minnesota,South_Dakota,1990.4.b1,post,1020,4.508392037,5.448002825,-0.939610787,0
Kentucky,Illinois,1990.4.b1,post,1020,3.680584823,4.611681131,-0.931096308,0
Ohio,Illinois,1990.4.b1,post,1020,3.457814777,4.379438047,-0.92162327,0
Illinois,Arkansas,1990.4.b1,post,1020,3.88548501,4.805232043,-0.919747032,0
Illinois,Kansas,1990.4.b1,post,1020,9.00590552,8.115021759,0.890883761,0
Indiana,Kentucky,1990.4.b1,post,1020,2.029412369,2.904709415,-0.875297046,0
South_Dakota,Iowa,1990.4.b1,post,1020,4.686395131,5.548792435,-0.862397304,0
Minnesota,Arkansas,1990.4.b1,post,1020,5.295323902,6.144058354,-0.848734452,0
Iowa,South_Dakota,1990.4.b1,post,1020,4.686395131,5.52938893,-0.842993799,0
Illinois,Iowa,1990.4.b1,post,1020,4.934868623,5.775018112,-0.840149489,0
Kansas,Illinois,1990.4.b1,post,1020,9.00590552,8.18379169,0.82211383,0
Illinois,Kentucky,1990.4.b1,post,1020,3.680584823,4.484106994,-0.803522171,0
Kentucky,Indiana,1990.4.b1,post,1020,2.029412369,2.807724675,-0.778312307,0
Illinois,Ohio,1990.4.b1,post,1020,3.457814777,4.235794882,-0.777980105,0
Ohio,Indiana,1990.4.b1,post,1020,1.73745314,2.483840884,-0.746387743,0
South_Dakota,Arkansas,1990.4.b1,post,1020,4.577485745,5.276031353,-0.698545608,0
Indiana,Ohio,1990.4.b1,post,1020,1.73745314,2.43330478,-0.69585164,0
Kentucky,Ohio,1990.4.b1,post,1020,2.154739106,2.74148915,-0.586750044,0
Ohio,Kentucky,1990.4.b1,post,1020,2.154739106,2.713023999,-0.558284893,0
Illinois,Indiana,1990.4.b1,post,1020,3.340590694,3.753339495,-0.4127488,0
Indiana,Illinois,1990.4.b1,post,1020,3.340590694,3.698273964,-0.357683269,0
Iowa,Illinois,1990.4.b1,post,1020,4.934868623,5.170090358,-0.235221735,0
North_Carolina,Indiana,1990.4.b2,post,1020,2.882639246,5.74890534,-2.866266094,1
Indiana,North_Carolina,1990.4.b2,post,1020,2.882639246,5.635209299,-2.752570053,1
Illinois,Indiana,1990.4.b2,post,1020,6.531881026,5.268674686,1.26320634,0
Nebraska,Illinois,1990.4.b2,post,1020,8.309603284,9.404690619,-1.095087336,0
Indiana,Illinois,1990.4.b2,post,1020,6.531881026,5.644372626,0.887508399,0
Illinois,Nebraska,1990.4.b2,post,1020,8.309603284,9.167970367,-0.858367083,0
Nebraska,North_Carolina,1990.4.b2,post,1020,9.83727899,9.005700818,0.831578172,0
Minnesota,Indiana,1990.4.b2,post,1020,9.606342444,8.796534721,0.809807723,0
Indiana,Minnesota,1990.4.b2,post,1020,9.606342444,8.822146959,0.784195485,0
Minnesota,North_Carolina,1990.4.b2,post,1020,10.33381995,9.583742039,0.750077911,0
North_Carolina,Michigan,1990.4.b2,post,1020,6.733558225,7.432234123,-0.698675898,0
North_Carolina,Minnesota,1990.4.b2,post,1020,10.33381995,9.635878954,0.697940997,0
North_Carolina,Iowa,1990.4.b2,post,1020,7.908823926,7.258568438,0.650255488,0
Illinois,North_Carolina,1990.4.b2,post,1020,7.221054276,6.579422937,0.641631339,0
Illinois,Michigan,1990.4.b2,post,1020,7.810052237,7.29556753,0.514484708,0
Michigan,Minnesota,1990.4.b2,post,1020,10.01442454,9.54500337,0.469421168,0
Minnesota,Michigan,1990.4.b2,post,1020,10.01442454,9.551553934,0.462870604,0
Nebraska,Indiana,1990.4.b2,post,1020,9.10988917,8.699028862,0.410860308,0
Iowa,North_Carolina,1990.4.b2,post,1020,7.908823926,8.289920716,-0.38109679,0
Minnesota,Illinois,1990.4.b2,post,1020,9.041074552,9.411297258,-0.370222705,0
North_Carolina,Illinois,1990.4.b2,post,1020,7.221054276,6.851458904,0.369595372,0
Iowa,Illinois,1990.4.b2,post,1020,7.791383184,7.477448625,0.313934558,0
Michigan,North_Carolina,1990.4.b2,post,1020,6.733558225,7.034056649,-0.300498424,0
Nebraska,Minnesota,1990.4.b2,post,1020,10.06111366,10.34260573,-0.281492069,0
North_Carolina,Nebraska,1990.4.b2,post,1020,9.83727899,9.57025304,0.26702595,0
Iowa,Minnesota,1990.4.b2,post,1020,8.401678689,8.665669081,-0.263990392,0
Michigan,Indiana,1990.4.b2,post,1020,5.87581917,6.134032803,-0.258213634,0
Indiana,Michigan,1990.4.b2,post,1020,5.87581917,6.130528327,-0.254709158,0
Indiana,Nebraska,1990.4.b2,post,1020,9.10988917,8.862679807,0.247209364,0
Michigan,Illinois,1990.4.b2,post,1020,7.810052237,7.595318557,0.21473368,0
Nebraska,Michigan,1990.4.b2,post,1020,10.07908484,9.869424265,0.209660579,0
Minnesota,Nebraska,1990.4.b2,post,1020,10.06111366,10.25269774,-0.191584082,0
Iowa,Michigan,1990.4.b2,post,1020,8.632857866,8.441846904,0.191010962,0
Indiana,Iowa,1990.4.b2,post,1020,7.432278547,7.621912512,-0.189633965,0
Minnesota,Iowa,1990.4.b2,post,1020,8.401678689,8.552725061,-0.151046371,0
Illinois,Minnesota,1990.4.b2,post,1020,9.041074552,9.191740783,-0.150666231,0
Iowa,Nebraska,1990.4.b2,post,1020,9.579764367,9.484803455,0.094960912,0
Iowa,Indiana,1990.4.b2,post,1020,7.432278547,7.373088157,0.05919039,0
Nebraska,Iowa,1990.4.b2,post,1020,9.579764367,9.63136149,-0.051597122,0
Michigan,Iowa,1990.4.b2,post,1020,8.632857866,8.678043646,-0.04518578,0
Illinois,Iowa,1990.4.b2,post,1020,7.791383184,7.780563945,0.010819238,0
Michigan,Nebraska,1990.4.b2,post,1020,10.07908484,10.0701613,0.00892354,0
Illinois,Indiana,1990.4.c,post,1020,5.665372435,5.665372435,-3.66E-16,0.053921569
Michigan,Indiana,1990.4.c,post,1020,3.029666278,3.029666278,8.72940064460172e-16,0.049019608
Illinois,Michigan,1990.4.c,post,1020,5.339036091,5.339036091,2.22044604925031e-17,0.048039216
Indiana,Illinois,1990.4.c,post,1020,5.665372435,5.665372435,4.1100020990045e-16,0.040196078
Michigan,Illinois,1990.4.c,post,1020,5.339036091,5.339036091,-5.47E-16,0.038235294
Indiana,Michigan,1990.4.c,post,1020,3.029666278,3.029666278,-2.67E-16,0.029411765
Indiana,South_Dakota,1990.4.d,post,1020,4.04121939,6.112276574,-2.071057184,0.921568627
South_Dakota,Indiana,1990.4.d,post,1020,4.04121939,5.946392243,-1.905172853,0.800980392
Illinois,Missouri,1990.4.d,post,1020,1.428630616,3.363590338,-1.934959722,0.789215686
Missouri,Illinois,1990.4.d,post,1020,1.428630616,3.310395673,-1.881765057,0.646078431
Illinois,South_Dakota,1990.4.d,post,1020,6.94530943,5.390255016,1.555054414,0.043137255
South_Dakota,Illinois,1990.4.d,post,1020,6.94530943,5.481090609,1.464218822,0.003921569
Indiana,Kansas,1990.4.d,post,1020,4.781739967,4.716530084,0.065209883,0.000980392
Kansas,Indiana,1990.4.d,post,1020,4.781739967,4.719576586,0.062163381,0.000980392
Missouri,South_Dakota,1990.4.d,post,1020,7.085315305,6.225668852,0.859646453,0
Iowa,Illinois,1990.4.d,post,1020,3.76929805,2.960712287,0.808585764,0
Indiana,Illinois,1990.4.d,post,1020,4.055668316,3.291735298,0.763933018,0
Illinois,Iowa,1990.4.d,post,1020,3.76929805,3.042648006,0.726650044,0
Illinois,Indiana,1990.4.d,post,1020,4.055668316,3.344885929,0.710782387,0
South_Dakota,Missouri,1990.4.d,post,1020,7.085315305,6.453709761,0.631605544,0
Indiana,Iowa,1990.4.d,post,1020,3.322682992,3.911704516,-0.589021524,0
Iowa,Indiana,1990.4.d,post,1020,3.322682992,3.848003431,-0.525320439,0
Kansas,Illinois,1990.4.d,post,1020,4.604962872,4.152491899,0.452470973,0
Illinois,Kansas,1990.4.d,post,1020,4.604962872,4.154349812,0.45061306,0
Missouri,Indiana,1990.4.d,post,1020,4.190880172,3.968664907,0.222215265,0
Iowa,Missouri,1990.4.d,post,1020,3.910124684,4.127105483,-0.216980799,0
Kansas,Iowa,1990.4.d,post,1020,5.237820763,5.05623968,0.181581083,0
Iowa,Kansas,1990.4.d,post,1020,5.237820763,5.084970159,0.152850604,0
Missouri,Iowa,1990.4.d,post,1020,3.910124684,4.059107256,-0.148982572,0
Missouri,Kansas,1990.4.d,post,1020,4.750908309,4.631347563,0.119560746,0
Iowa,South_Dakota,1990.4.d,post,1020,5.806675595,5.924866509,-0.118190913,0
Kansas,Missouri,1990.4.d,post,1020,4.750908309,4.632946056,0.117962253,0
Indiana,Missouri,1990.4.d,post,1020,4.190880172,4.081413607,0.109466566,0
South_Dakota,Iowa,1990.4.d,post,1020,5.806675595,5.904777909,-0.098102314,0
South_Dakota,Kansas,1990.4.d,post,1020,7.674059777,7.606186304,0.067873473,0
Kansas,South_Dakota,1990.4.d,post,1020,7.674059777,7.706950132,-0.032890356,0
Minnesota,Iowa,1990.4.e,post,1020,4.797817959,4.797817959,-8.71E-19,0.055882353
Illinois,Minnesota,1990.4.e,post,1020,5.520817427,5.520817427,-7.20E-16,0.042156863
Illinois,Iowa,1990.4.e,post,1020,4.207583449,4.207583449,9.70900919574157e-17,0.034313725
Minnesota,Illinois,1990.4.e,post,1020,5.520817427,5.520817427,7.33182577830888e-16,0.033333333
Iowa,Minnesota,1990.4.e,post,1020,4.797817959,4.797817959,4.15789407261578e-16,0.032352941
Iowa,Illinois,1990.4.e,post,1020,4.207583449,4.207583449,-6.88E-16,0.029411765
Iowa,Illinois,1990.4.f,post,1020,3.093828858,2.881039936,0.212788921,0.344117647
Illinois,Minnesota,1990.4.f,post,1020,3.084294055,3.236886966,-0.152592911,0.147058824
Nebraska,Texas,1990.4.f,post,1020,3.711356898,3.525846288,0.18551061,0.095098039
Iowa,Texas,1990.4.f,post,1020,3.458634146,3.632978089,-0.174343943,0.054901961
Texas,Illinois,1990.4.f,post,1020,3.174320439,3.246188213,-0.071867774,0.033333333
Kansas,Texas,1990.4.f,post,1020,2.472430668,2.654542035,-0.182111368,0.012745098
Kansas,Minnesota,1990.4.f,post,1020,2.833337492,2.682896217,0.150441275,0
Kansas,Illinois,1990.4.f,post,1020,2.355570687,2.501813083,-0.146242397,0
Nebraska,Iowa,1990.4.f,post,1020,2.509527999,2.650869637,-0.141341638,0
Texas,Kansas,1990.4.f,post,1020,2.472430668,2.609427465,-0.136996797,0
Texas,Iowa,1990.4.f,post,1020,3.458634146,3.336289136,0.12234501,0
Minnesota,Texas,1990.4.f,post,1020,3.763679799,3.648076468,0.115603331,0
Nebraska,Kansas,1990.4.f,post,1020,2.554464483,2.450084561,0.104379923,0
Illinois,Texas,1990.4.f,post,1020,3.174320439,3.071574855,0.102745583,0
Illinois,Iowa,1990.4.f,post,1020,3.093828858,3.003233945,0.090594913,0
Illinois,Kansas,1990.4.f,post,1020,2.355570687,2.437382081,-0.081811395,0
Kansas,Nebraska,1990.4.f,post,1020,2.554464483,2.476429292,0.078035192,0
Texas,Minnesota,1990.4.f,post,1020,3.763679799,3.685740196,0.077939603,0
Minnesota,Iowa,1990.4.f,post,1020,3.072000244,3.14022948,-0.068229236,0
Nebraska,Minnesota,1990.4.f,post,1020,3.398271917,3.456141473,-0.057869556,0
Texas,Nebraska,1990.4.f,post,1020,3.711356898,3.65787935,0.053477548,0
Minnesota,Illinois,1990.4.f,post,1020,3.084294055,3.124690624,-0.040396569,0
Iowa,Nebraska,1990.4.f,post,1020,2.509527999,2.533630622,-0.024102623,0
Minnesota,Kansas,1990.4.f,post,1020,2.833337492,2.81300338,0.020334112,0
Illinois,Nebraska,1990.4.f,post,1020,3.286927602,3.299274629,-0.012347027,0
Minnesota,Nebraska,1990.4.f,post,1020,3.398271917,3.407948849,-0.009676932,0
Nebraska,Illinois,1990.4.f,post,1020,3.286927602,3.295440099,-0.008512497,0
Iowa,Minnesota,1990.4.f,post,1020,3.072000244,3.077518025,-0.005517781,0
Iowa,Kansas,1990.4.f,post,1020,2.533248206,2.537819109,-0.004570903,0
Kansas,Iowa,1990.4.f,post,1020,2.533248206,2.528912881,0.004335326,0
South_Dakota,Iowa,1990.4.i,post,1020,10.87498216,10.75447903,0.120503132,0.05
South_Dakota,Minnesota,1990.4.i,post,1020,10.70321228,10.85608013,-0.152867854,0
Iowa,South_Dakota,1990.4.i,post,1020,10.87498216,11.01273469,-0.137752522,0
Iowa,Nebraska,1990.4.i,post,1020,10.7552699,10.67576274,0.079507164,0
Nebraska,Minnesota,1990.4.i,post,1020,12.0250602,11.95308707,0.071973135,0
Minnesota,South_Dakota,1990.4.i,post,1020,10.70321228,10.63541857,0.067793714,0
Minnesota,Iowa,1990.4.i,post,1020,10.97090227,11.03585946,-0.064957189,0
Iowa,Minnesota,1990.4.i,post,1020,10.97090227,10.91349771,0.057404558,0
Nebraska,Iowa,1990.4.i,post,1020,10.7552699,10.81171283,-0.056442926,0
Nebraska,South_Dakota,1990.4.i,post,1020,12.14268006,12.10504838,0.037631676,0
Minnesota,Nebraska,1990.4.i,post,1020,12.0250602,12.04991554,-0.02485534,0
South_Dakota,Nebraska,1990.4.i,post,1020,12.14268006,12.14061761,0.002062452,0
Montana,California,2010.1,post,1020,5.982594966,10.78529535,-4.802700388,1
California,Montana,2010.1,post,1020,5.982594966,10.69232117,-4.709726206,1
Oklahoma,Kansas,2010.1,post,1020,9.57951412,13.83782657,-4.258312447,1
Kansas,Oklahoma,2010.1,post,1020,9.57951412,13.75374768,-4.174233559,1
California,Utah,2010.1,post,1020,13.58089566,9.609394092,3.97150157,1
Utah,California,2010.1,post,1020,13.58089566,9.657161359,3.923734302,1
Wisconsin,California,2010.1,post,1020,5.715073488,9.284117772,-3.569044284,1
California,Wisconsin,2010.1,post,1020,5.715073488,9.268691784,-3.553618297,1
Oklahoma,California,2010.1,post,1020,15.13780557,11.72936752,3.408438047,1
California,Oklahoma,2010.1,post,1020,15.13780557,11.76037461,3.377430959,1
California,Pennsylvania,2010.1,post,1020,6.793798535,10.04203343,-3.2482349,1
Pennsylvania,California,2010.1,post,1020,6.793798535,9.811392188,-3.017593653,1
California,Arkansas,2010.1,post,1020,10.53082493,7.521379923,3.009445005,1
Montana,Utah,2010.1,post,1020,15.6346836,11.84972011,3.784963481,0.999019608
Utah,Montana,2010.1,post,1020,15.6346836,11.92456993,3.710113668,0.999019608
Oklahoma,Montana,2010.1,post,1020,17.18454165,13.82321636,3.361325285,0.999019608
Montana,Oklahoma,2010.1,post,1020,17.18454165,13.9142719,3.270269743,0.999019608
Pennsylvania,Montana,2010.1,post,1020,8.808840413,11.8676289,-3.058788485,0.999019608
Montana,Pennsylvania,2010.1,post,1020,8.808840413,11.86117569,-3.052335281,0.999019608
California,Georgia,2010.1,post,1020,5.540166913,10.05644269,-4.516275781,0.998039216
Georgia,California,2010.1,post,1020,5.540166913,9.976949188,-4.436782276,0.998039216
Georgia,Montana,2010.1,post,1020,7.995521941,12.01513718,-4.019615238,0.998039216
Montana,Georgia,2010.1,post,1020,7.995521941,11.84526931,-3.849747374,0.998039216
Montana,Wisconsin,2010.1,post,1020,7.837593419,11.11034271,-3.27274929,0.998039216
Wisconsin,Montana,2010.1,post,1020,7.837593419,11.03986138,-3.20226796,0.998039216
California,Texas,2010.1,post,1020,15.13475449,11.83200699,3.302747504,0.995098039
Oklahoma,Texas,2010.1,post,1020,8.815887822,13.78859279,-4.972704964,0.994117647
Texas,Montana,2010.1,post,1020,17.17957219,13.8958572,3.28371499,0.990196078
Texas,Oklahoma,2010.1,post,1020,8.815887822,13.32413455,-4.508246728,0.985294118
Montana,Texas,2010.1,post,1020,17.17957219,14.03808784,3.14148435,0.985294118
Utah,South_Dakota,2010.1,post,1020,8.189426345,11.37006,-3.180633653,0.982352941
Georgia,Oklahoma,2010.1,post,1020,15.4614398,12.55352874,2.907911062,0.97745098
Texas,Georgia,2010.1,post,1020,15.48496951,12.41837919,3.06659032,0.975490196
South_Dakota,Utah,2010.1,post,1020,8.189426345,11.2546633,-3.065236957,0.970588235
Kansas,Montana,2010.1,post,1020,16.74382673,13.72257564,3.021251088,0.970588235
Texas,California,2010.1,post,1020,15.13475449,12.23866701,2.896087478,0.954901961
Georgia,Texas,2010.1,post,1020,15.48496951,12.54157013,2.943399385,0.950980392
Wisconsin,Georgia,2010.1,post,1020,7.194230598,9.89739281,-2.703162213,0.901960784
Montana,Arkansas,2010.1,post,1020,12.58434804,9.815298927,2.769049109,0.888235294
Oklahoma,Georgia,2010.1,post,1020,15.4614398,12.68029345,2.781146349,0.88627451
Montana,Kansas,2010.1,post,1020,16.74382673,13.92568521,2.818141512,0.86372549
Kansas,California,2010.1,post,1020,14.70656832,11.90322576,2.803342556,0.842156863
California,Kansas,2010.1,post,1020,14.70656832,11.91801073,2.788557589,0.834313725
Kansas,Texas,2010.1,post,1020,10.91018823,14.17204687,-3.261858639,0.816666667
Texas,Kansas,2010.1,post,1020,10.91018823,14.06171481,-3.151526577,0.796078431
Georgia,Utah,2010.1,post,1020,13.88581402,11.19955533,2.686258683,0.762745098
Arkansas,California,2010.1,post,1020,10.53082493,7.82418751,2.706637419,0.761764706
Georgia,Wisconsin,2010.1,post,1020,7.194230598,9.839063239,-2.644832641,0.71372549
Utah,Georgia,2010.1,post,1020,13.88581402,11.22228364,2.663530382,0.684313725
Arkansas,Montana,2010.1,post,1020,12.58434804,9.9118284,2.672519636,0.579411765
Arkansas,Utah,2010.1,post,1020,6.371208179,8.978803656,-2.607595477,0.368627451
Texas,Utah,2010.1,post,1020,10.92201682,13.26029181,-2.338274989,0.215686275
Utah,Arkansas,2010.1,post,1020,6.371208179,8.835894225,-2.464686046,0.178431373
Arkansas,Georgia,2010.1,post,1020,10.83455804,8.323877022,2.510681016,0.140196078
Minnesota,Utah,2010.1,post,1020,9.053674019,11.4208554,-2.367181377,0.112745098
Utah,Texas,2010.1,post,1020,10.92201682,13.03136989,-2.109353067,0.106862745
Utah,Minnesota,2010.1,post,1020,9.053674019,11.30889254,-2.255218519,0.062745098
Utah,Oklahoma,2010.1,post,1020,10.90678427,12.96445073,-2.057666455,0.054901961
Georgia,Arkansas,2010.1,post,1020,10.83455804,8.398808779,2.435749259,0.053921569
Arkansas,Texas,2010.1,post,1020,7.946782512,9.917635576,-1.970853064,0.047058824
Oklahoma,Utah,2010.1,post,1020,10.90678427,12.79774181,-1.89095754,0.011764706
Georgia,Kansas,2010.1,post,1020,15.02764619,12.66029033,2.367355853,0.004901961
Maryland,Virginia,2010.1,post,1020,2.108547539,4.016402744,-1.907855205,0.004901961
Virginia,Maryland,2010.1,post,1020,2.108547539,4.012413706,-1.903866167,0.003921569
Montana,Colorado,2010.1,post,1020,10.82934875,11.64698482,-0.817636064,0.002941176
Colorado,Montana,2010.1,post,1020,10.82934875,11.62111049,-0.791761735,0.002941176
Kansas,Georgia,2010.1,post,1020,15.02764619,12.70658345,2.321062733,0.001960784
Pennsylvania,Georgia,2010.1,post,1020,8.134192182,10.20706687,-2.072874684,0.001960784
Utah,Kansas,2010.1,post,1020,11.28271447,12.94685601,-1.664141537,0.001960784
North_Carolina,California,2010.1,post,1020,10.61306597,12.01604169,-1.402975728,0.001960784
California,North_Carolina,2010.1,post,1020,10.61306597,11.96501383,-1.351947864,0.001960784
Montana,South_Dakota,2010.1,post,1020,13.1198367,12.09823155,1.021605153,0.001960784
South_Dakota,Montana,2010.1,post,1020,13.1198367,12.15609277,0.963743938,0.001960784
Colorado,California,2010.1,post,1020,8.720072249,9.511907151,-0.791834903,0.001960784
South_Dakota,California,2010.1,post,1020,11.02292649,10.23604666,0.786879832,0.001960784
California,Colorado,2010.1,post,1020,8.720072249,9.48626957,-0.766197321,0.001960784
California,South_Dakota,2010.1,post,1020,11.02292649,10.43646305,0.586463436,0.001960784
Pennsylvania,Maryland,2010.1,post,1020,8.049800993,5.994966414,2.054834578,0.000980392
Maryland,Pennsylvania,2010.1,post,1020,8.049800993,6.018800845,2.031000147,0.000980392
Oklahoma,Arkansas,2010.1,post,1020,7.933921529,9.922757996,-1.988836467,0.000980392
North_Carolina,Montana,2010.1,post,1020,12.50109563,14.15804215,-1.656946521,0.000980392
Montana,North_Carolina,2010.1,post,1020,12.50109563,13.99141426,-1.49031863,0.000980392
California,Maryland,2010.1,post,1020,8.145363234,6.732028638,1.413334596,0.000980392
Maryland,California,2010.1,post,1020,8.145363234,6.872217948,1.273145286,0.000980392
Georgia,Colorado,2010.1,post,1020,10.15206643,10.83206298,-0.679996544,0.000980392
Colorado,Georgia,2010.1,post,1020,10.15206643,10.69291103,-0.540844598,0.000980392
Oklahoma,Wisconsin,2010.1,post,1020,13.90070847,11.78839563,2.112312838,0
Wisconsin,Oklahoma,2010.1,post,1020,13.90070847,11.83324934,2.067459131,0
Wisconsin,Texas,2010.1,post,1020,13.9152956,11.92208138,1.993214225,0
Georgia,Pennsylvania,2010.1,post,1020,8.134192182,10.11987337,-1.985681183,0
Texas,Wisconsin,2010.1,post,1020,13.9152956,11.95828894,1.957006666,0
Wisconsin,Kansas,2010.1,post,1020,13.60096317,11.66233625,1.938626914,0
Utah,Wisconsin,2010.1,post,1020,12.27627464,10.35867603,1.917598607,0
Kansas,Wisconsin,2010.1,post,1020,13.60096317,11.68571023,1.915252941,0
Kansas,Arkansas,2010.1,post,1020,8.302698263,10.17403363,-1.871335368,0
Wisconsin,Utah,2010.1,post,1020,12.27627464,10.41915378,1.857120861,0
California,Indiana,2010.1,post,1020,7.450416124,9.245090867,-1.794674743,0
Arkansas,Oklahoma,2010.1,post,1020,7.933921529,9.72010329,-1.786181761,0
Wisconsin,Pennsylvania,2010.1,post,1020,7.686574863,9.469561674,-1.782986811,0
Indiana,Montana,2010.1,post,1020,9.377438524,11.13492896,-1.757490436,0
Montana,Indiana,2010.1,post,1020,9.377438524,11.13046008,-1.753021557,0
Arkansas,Kansas,2010.1,post,1020,8.302698263,10.05358075,-1.750882486,0
Virginia,Pennsylvania,2010.1,post,1020,8.777709274,7.026878069,1.750831205,0
Pennsylvania,Wisconsin,2010.1,post,1020,7.686574863,9.428912611,-1.742337748,0
Wisconsin,Arkansas,2010.1,post,1020,9.225839773,7.526291412,1.699548361,0
Pennsylvania,Virginia,2010.1,post,1020,8.777709274,7.092086616,1.685622658,0
Indiana,California,2010.1,post,1020,7.450416124,9.106645938,-1.656229814,0
Kansas,Utah,2010.1,post,1020,11.28271447,12.90323116,-1.620516687,0
Arkansas,Wisconsin,2010.1,post,1020,9.225839773,7.663237007,1.562602766,0
Maryland,Montana,2010.1,post,1020,10.19717435,8.651815867,1.545358487,0
Indiana,Georgia,2010.1,post,1020,7.863468438,9.349209874,-1.485741436,0
Georgia,Indiana,2010.1,post,1020,7.863468438,9.337853107,-1.474384669,0
Colorado,Utah,2010.1,post,1020,11.72318277,10.25594384,1.467238929,0
Texas,Minnesota,2010.1,post,1020,11.7498388,13.20421234,-1.454373541,0
Utah,Missouri,2010.1,post,1020,9.817625407,11.25697601,-1.439350598,0
Pennsylvania,Utah,2010.1,post,1020,12.45083723,11.02116498,1.42967225,0
Minnesota,Wisconsin,2010.1,post,1020,10.44016337,9.013576385,1.426586987,0
Maryland,Georgia,2010.1,post,1020,8.456625045,7.038478101,1.418146944,0
Montana,Maryland,2010.1,post,1020,10.19717435,8.80556558,1.391608773,0
Georgia,Virginia,2010.1,post,1020,9.18519692,7.799577099,1.385619821,0
Virginia,Georgia,2010.1,post,1020,9.18519692,7.830031758,1.355165162,0
Texas,Arkansas,2010.1,post,1020,7.946782512,9.297205456,-1.350422944,0
Utah,Colorado,2010.1,post,1020,11.72318277,10.3768796,1.346303169,0
Oklahoma,Pennsylvania,2010.1,post,1020,13.77419573,12.44356376,1.330631975,0
Missouri,California,2010.1,post,1020,11.30778696,9.983836942,1.323950021,0
Utah,Pennsylvania,2010.1,post,1020,12.45083723,11.13013646,1.320700765,0
Pennsylvania,Texas,2010.1,post,1020,13.80584282,12.49118677,1.314656043,0
Oklahoma,Missouri,2010.1,post,1020,10.87738213,12.18848425,-1.311102121,0
Missouri,Utah,2010.1,post,1020,9.817625407,11.11794408,-1.300318673,0
Virginia,Montana,2010.1,post,1020,10.92799854,9.643079522,1.28491902,0
Maryland,Michigan,2010.1,post,1020,5.260003894,6.520427937,-1.260424043,0
Missouri,Oklahoma,2010.1,post,1020,10.87738213,12.13467373,-1.257291602,0
Georgia,Missouri,2010.1,post,1020,11.83988165,10.58446066,1.255420996,0
Pennsylvania,Oklahoma,2010.1,post,1020,13.77419573,12.53418849,1.240007247,0
Montana,Virginia,2010.1,post,1020,10.92799854,9.692817071,1.235181471,0
Missouri,Georgia,2010.1,post,1020,11.83988165,10.60587112,1.23401053,0
Arkansas,Minnesota,2010.1,post,1020,7.412685844,8.641898205,-1.229212361,0
Michigan,Virginia,2010.1,post,1020,6.010970193,7.230930628,-1.219960435,0
Georgia,Maryland,2010.1,post,1020,8.456625045,7.238240146,1.2183849,0
Virginia,California,2010.1,post,1020,8.871523983,7.653354516,1.218169467,0
Minnesota,Texas,2010.1,post,1020,11.7498388,12.96721829,-1.217379489,0
Wisconsin,Minnesota,2010.1,post,1020,10.44016337,9.229677291,1.210486082,0
Pennsylvania,Arkansas,2010.1,post,1020,9.419099356,8.212334314,1.206765041,0
Michigan,Maryland,2010.1,post,1020,5.260003894,6.465308216,-1.205304322,0
California,Illinois,2010.1,post,1020,10.7690881,11.97024507,-1.201156964,0
Minnesota,Arkansas,2010.1,post,1020,7.412685844,8.613352198,-1.200666354,0
Virginia,Michigan,2010.1,post,1020,6.010970193,7.209098435,-1.198128242,0
Missouri,Kansas,2010.1,post,1020,10.8182962,12.01208114,-1.193784936,0
Missouri,Arkansas,2010.1,post,1020,6.958054787,8.150299815,-1.192245029,0
California,Missouri,2010.1,post,1020,11.30778696,10.11698184,1.190805122,0
Kansas,Missouri,2010.1,post,1020,10.8182962,11.99931834,-1.181022132,0
Missouri,Texas,2010.1,post,1020,11.20117851,12.38206188,-1.180883372,0
Oklahoma,Indiana,2010.1,post,1020,12.68196935,11.52274626,1.159223092,0
Missouri,Montana,2010.1,post,1020,13.2378351,12.08883267,1.149002425,0
North_Carolina,Texas,2010.1,post,1020,15.64578224,14.49701769,1.14876455,0
Arkansas,Pennsylvania,2010.1,post,1020,9.419099356,8.27417998,1.144919376,0
Texas,Missouri,2010.1,post,1020,11.20117851,12.34027163,-1.139093118,0
Indiana,Oklahoma,2010.1,post,1020,12.68196935,11.54297191,1.138997438,0
Montana,Nebraska,2010.1,post,1020,13.29814415,12.16448772,1.133656427,0
Oklahoma,North_Carolina,2010.1,post,1020,15.66815007,14.54590352,1.122246545,0
Iowa,Utah,2010.1,post,1020,10.21647073,11.33812447,-1.121653735,0
Montana,Missouri,2010.1,post,1020,13.2378351,12.1223439,1.115491194,0
Indiana,Texas,2010.1,post,1020,12.72490648,11.61218022,1.112726259,0
North_Carolina,Wisconsin,2010.1,post,1020,10.62467155,11.73064374,-1.105972188,0
Arkansas,South_Dakota,2010.1,post,1020,7.802233343,8.902702026,-1.100468683,0
Nebraska,Montana,2010.1,post,1020,13.29814415,12.19876509,1.099379063,0
California,Virginia,2010.1,post,1020,8.871523983,7.786832628,1.084691355,0
Montana,Illinois,2010.1,post,1020,12.71985178,13.7954949,-1.075643119,0
Illinois,Montana,2010.1,post,1020,12.71985178,13.76452765,-1.044675868,0
South_Dakota,Arkansas,2010.1,post,1020,7.802233343,8.845785851,-1.043552508,0
North_Carolina,Oklahoma,2010.1,post,1020,15.66815007,14.63186646,1.036283608,0
Nebraska,California,2010.1,post,1020,11.23532038,10.20920944,1.026110939,0
Wisconsin,North_Carolina,2010.1,post,1020,10.62467155,11.64988639,-1.025214839,0
Nebraska,Maryland,2010.1,post,1020,7.005360361,8.011493377,-1.006133016,0
Kansas,Pennsylvania,2010.1,post,1020,13.46295285,12.45924723,1.003705626,0
Kansas,Indiana,2010.1,post,1020,12.47535735,11.47920527,0.99615208,0
Virginia,Nebraska,2010.1,post,1020,7.745325111,8.732032987,-0.986707876,0
Nebraska,Virginia,2010.1,post,1020,7.745325111,8.731390618,-0.986065507,0
Pennsylvania,Colorado,2010.1,post,1020,9.581320319,10.56606344,-0.984743121,0
Indiana,Kansas,2010.1,post,1020,12.47535735,11.50487339,0.970483954,0
Arkansas,Missouri,2010.1,post,1020,6.958054787,7.92453988,-0.966485094,0
Oklahoma,Minnesota,2010.1,post,1020,11.70368208,12.65610395,-0.952421871,0
Maryland,Nebraska,2010.1,post,1020,7.005360361,7.956778926,-0.951418565,0
Pennsylvania,Kansas,2010.1,post,1020,13.46295285,12.51656096,0.946391891,0
Kansas,North_Carolina,2010.1,post,1020,15.54451919,14.60206207,0.942457116,0
Colorado,Pennsylvania,2010.1,post,1020,9.581320319,10.52323591,-0.941915587,0
Missouri,Wisconsin,2010.1,post,1020,10.51973163,9.585840074,0.933891559,0
North_Carolina,Kansas,2010.1,post,1020,15.54451919,14.61562186,0.928897329,0
Montana,Minnesota,2010.1,post,1020,12.97103158,12.04393228,0.927099301,0
Texas,Pennsylvania,2010.1,post,1020,13.80584282,12.88739341,0.918449408,0
Minnesota,Oklahoma,2010.1,post,1020,11.70368208,12.62141472,-0.917732643,0
Texas,South_Dakota,2010.1,post,1020,12.34008994,13.25726405,-0.917174113,0
Illinois,California,2010.1,post,1020,10.7690881,11.68549996,-0.91641186,0
California,Ohio,2010.1,post,1020,15.29001209,16.20425194,-0.914239845,0
Indiana,Utah,2010.1,post,1020,11.09102338,10.18230522,0.908718157,0
Ohio,Montana,2010.1,post,1020,17.29337302,18.19365944,-0.900286425,0
Oklahoma,Ohio,2010.1,post,1020,19.54261809,18.65163182,0.890986263,0
Minnesota,Montana,2010.1,post,1020,12.97103158,12.08437623,0.886655353,0
Ohio,Georgia,2010.1,post,1020,15.5375708,16.41797922,-0.88040842,0
Ohio,Oklahoma,2010.1,post,1020,19.54261809,18.66255935,0.880058737,0
Georgia,Ohio,2010.1,post,1020,15.5375708,16.41220135,-0.874630551,0
Michigan,Nebraska,2010.1,post,1020,9.35485584,10.22945966,-0.874603824,0
Ohio,Texas,2010.1,post,1020,19.56527217,18.69079844,0.874473724,0
Nebraska,Michigan,2010.1,post,1020,9.35485584,10.2286881,-0.873832255,0
Wisconsin,Missouri,2010.1,post,1020,10.51973163,9.646422812,0.873308822,0
Indiana,Wisconsin,2010.1,post,1020,7.476688969,8.313323863,-0.836634894,0
Ohio,California,2010.1,post,1020,15.29001209,16.12172713,-0.831715041,0
Texas,North_Carolina,2010.1,post,1020,15.64578224,14.82105402,0.824728217,0
Virginia,Kentucky,2010.1,post,1020,5.167178071,5.989647142,-0.822469071,0
Ohio,Utah,2010.1,post,1020,18.03079816,17.21271468,0.818083485,0
Wisconsin,Indiana,2010.1,post,1020,7.476688969,8.289855471,-0.813166502,0
Montana,Ohio,2010.1,post,1020,17.29337302,18.10592471,-0.812551687,0
Illinois,Georgia,2010.1,post,1020,11.47197988,12.27467263,-0.80269275,0
Kentucky,Maryland,2010.1,post,1020,4.419567434,5.221906788,-0.802339354,0
Utah,Nebraska,2010.1,post,1020,10.5404453,11.34029463,-0.799849324,0
Maryland,Kentucky,2010.1,post,1020,4.419567434,5.211557239,-0.791989805,0
Utah,Indiana,2010.1,post,1020,11.09102338,10.31033559,0.780687788,0
Texas,Indiana,2010.1,post,1020,12.72490648,11.95166712,0.773239358,0
Arkansas,Virginia,2010.1,post,1020,5.34586841,6.106589176,-0.760720766,0
Virginia,Arkansas,2010.1,post,1020,5.34586841,6.105720081,-0.759851671,0
California,Nebraska,2010.1,post,1020,11.23532038,10.47878622,0.756534157,0
Ohio,Kansas,2010.1,post,1020,19.40206548,18.64603802,0.756027463,0
Wisconsin,South_Dakota,2010.1,post,1020,10.64316038,9.890096909,0.753063475,0
Colorado,Nebraska,2010.1,post,1020,11.25965486,10.50934087,0.750313996,0
Georgia,Minnesota,2010.1,post,1020,11.63363332,10.8883494,0.745283913,0
Georgia,Illinois,2010.1,post,1020,11.47197988,12.20792896,-0.735949076,0
North_Carolina,Utah,2010.1,post,1020,13.90905794,13.17363313,0.735424803,0
Arkansas,Indiana,2010.1,post,1020,8.007028608,7.271794751,0.735233857,0
Kansas,Ohio,2010.1,post,1020,19.40206548,18.66998024,0.732085242,0
Oklahoma,Illinois,2010.1,post,1020,14.86985244,14.14154959,0.728302848,0
Nebraska,Colorado,2010.1,post,1020,11.25965486,10.53313064,0.726524223,0
Arkansas,North_Carolina,2010.1,post,1020,11.06152043,10.33681786,0.724702568,0
Illinois,Oklahoma,2010.1,post,1020,14.86985244,14.15469819,0.715154253,0
Georgia,South_Dakota,2010.1,post,1020,11.81936849,11.1047654,0.714603097,0
South_Dakota,Wisconsin,2010.1,post,1020,10.64316038,9.930051607,0.713108777,0
Illinois,Texas,2010.1,post,1020,14.93997932,14.22887559,0.711103728,0
Michigan,Pennsylvania,2010.1,post,1020,9.858265438,9.149839826,0.708425612,0
Arkansas,Maryland,2010.1,post,1020,4.615773137,5.316112354,-0.700339217,0
Colorado,Maryland,2010.1,post,1020,8.254090368,7.562544825,0.691545542,0
Utah,North_Carolina,2010.1,post,1020,13.90905794,13.21829159,0.690766347,0
California,Minnesota,2010.1,post,1020,10.97714801,10.2872522,0.689895809,0
South_Dakota,Texas,2010.1,post,1020,12.34008994,13.02753263,-0.687442688,0
Pennsylvania,Michigan,2010.1,post,1020,9.858265438,9.177846224,0.680419214,0
Nebraska,Utah,2010.1,post,1020,10.5404453,11.21838082,-0.677935523,0
Nebraska,South_Dakota,2010.1,post,1020,11.19340413,10.51566111,0.677743015,0
Kansas,Illinois,2010.1,post,1020,14.73426221,14.05654094,0.677721268,0
Illinois,Kansas,2010.1,post,1020,14.73426221,14.05961621,0.674645997,0
Iowa,Minnesota,2010.1,post,1020,10.25170229,9.580135244,0.671567045,0
Maryland,Arkansas,2010.1,post,1020,4.615773137,5.286240205,-0.670467068,0
South_Dakota,Nebraska,2010.1,post,1020,11.19340413,10.52344569,0.669958435,0
Utah,Ohio,2010.1,post,1020,18.03079816,17.37126064,0.659537522,0
Virginia,Colorado,2010.1,post,1020,8.984935798,8.326600201,0.658335597,0
Colorado,Kansas,2010.1,post,1020,11.58700177,12.24105083,-0.654049057,0
Minnesota,Iowa,2010.1,post,1020,10.25170229,9.606750113,0.644952176,0
Kansas,Minnesota,2010.1,post,1020,11.83532629,12.47915575,-0.643829462,0
California,Iowa,2010.1,post,1020,9.54545432,10.18426796,-0.638813639,0
Missouri,Illinois,2010.1,post,1020,12.34657189,11.7089562,0.63761569,0
Illinois,Missouri,2010.1,post,1020,12.34657189,11.71398105,0.632590846,0
Montana,Iowa,2010.1,post,1020,11.48712215,12.11752973,-0.630407575,0
Minnesota,Kansas,2010.1,post,1020,11.83532629,12.46374587,-0.628419575,0
Colorado,Wisconsin,2010.1,post,1020,9.263325668,9.883178723,-0.619853055,0
Iowa,California,2010.1,post,1020,9.54545432,10.16341447,-0.617960152,0
Minnesota,Georgia,2010.1,post,1020,11.63363332,11.01673097,0.61690235,0
Texas,Ohio,2010.1,post,1020,19.56527217,18.95341124,0.611860922,0
Maryland,Colorado,2010.1,post,1020,8.254090368,7.642546668,0.6115437,0
Illinois,Utah,2010.1,post,1020,13.40405394,12.79557651,0.608477432,0
North_Carolina,Arkansas,2010.1,post,1020,11.06152043,10.45497131,0.606549115,0
Nebraska,Arkansas,2010.1,post,1020,8.255229593,8.857389219,-0.602159626,0
Texas,Colorado,2010.1,post,1020,12.74511828,12.14545087,0.599667406,0
South_Dakota,Georgia,2010.1,post,1020,11.81936849,11.2361844,0.583184098,0
Colorado,Virginia,2010.1,post,1020,8.984935798,8.405554737,0.579381061,0
Iowa,Illinois,2010.1,post,1020,12.01583338,11.44676833,0.56906505,0
Minnesota,California,2010.1,post,1020,10.97714801,10.41144464,0.565703366,0
Wisconsin,Colorado,2010.1,post,1020,9.263325668,9.828963721,-0.565638053,0
Michigan,Montana,2010.1,post,1020,11.88032686,11.31800855,0.562318311,0
Missouri,Indiana,2010.1,post,1020,9.816933663,9.254944713,0.561988949,0
Iowa,Wisconsin,2010.1,post,1020,9.389517864,8.837578996,0.551938868,0
Utah,Virginia,2010.1,post,1020,8.396034083,8.947334729,-0.551300646,0
Wisconsin,Michigan,2010.1,post,1020,8.964415656,8.417739227,0.546676429,0
Indiana,Missouri,2010.1,post,1020,9.816933663,9.270781666,0.546151997,0
Indiana,Arkansas,2010.1,post,1020,8.007028608,7.46892724,0.538101368,0
Kentucky,Virginia,2010.1,post,1020,5.167178071,5.7043587,-0.537180629,0
Nebraska,Wisconsin,2010.1,post,1020,10.45465226,9.921267071,0.53338519,0
Pennsylvania,Iowa,2010.1,post,1020,9.980980875,10.51177655,-0.530795676,0
South_Dakota,Oklahoma,2010.1,post,1020,12.33480633,12.86379271,-0.528986379,0
Michigan,Wisconsin,2010.1,post,1020,8.964415656,8.443843274,0.520572382,0
Arkansas,Ohio,2010.1,post,1020,14.95345793,14.43380078,0.519657152,0
Iowa,Pennsylvania,2010.1,post,1020,9.980980875,10.49759622,-0.516615346,0
Montana,Michigan,2010.1,post,1020,11.88032686,11.36467246,0.515654398,0
Iowa,Nebraska,2010.1,post,1020,10.69459049,10.18226848,0.512322007,0
Iowa,Georgia,2010.1,post,1020,10.35483279,10.86692768,-0.512094887,0
Texas,Iowa,2010.1,post,1020,12.24942092,11.74583615,0.503584765,0
Oklahoma,South_Dakota,2010.1,post,1020,12.33480633,12.83702107,-0.502214734,0
Pennsylvania,Indiana,2010.1,post,1020,8.40743081,8.905206528,-0.497775718,0
Kansas,Colorado,2010.1,post,1020,11.58700177,12.08354002,-0.496538241,0
Iowa,Montana,2010.1,post,1020,11.48712215,11.98172108,-0.494598923,0
Georgia,Iowa,2010.1,post,1020,10.35483279,10.84824462,-0.49341183,0
Iowa,Arkansas,2010.1,post,1020,8.021788956,8.510981293,-0.489192336,0
Indiana,Pennsylvania,2010.1,post,1020,8.40743081,8.892092014,-0.484661204,0
Virginia,Utah,2010.1,post,1020,8.396034083,8.876918248,-0.480884166,0
Missouri,Pennsylvania,2010.1,post,1020,10.84056762,10.36280682,0.477760797,0
South_Dakota,Colorado,2010.1,post,1020,11.1634935,10.68716268,0.476330817,0
Missouri,Ohio,2010.1,post,1020,16.96013858,16.48571626,0.474422318,0
Pennsylvania,Illinois,2010.1,post,1020,11.48189875,11.95504883,-0.47315008,0
Wisconsin,Nebraska,2010.1,post,1020,10.45465226,9.987231219,0.467421042,0
Colorado,South_Dakota,2010.1,post,1020,11.1634935,10.69827324,0.465220261,0
Arkansas,Nebraska,2010.1,post,1020,8.255229593,8.715278456,-0.460048864,0
Arkansas,Illinois,2010.1,post,1020,10.36618519,9.906568034,0.459617157,0
Maryland,Missouri,2010.1,post,1020,7.109169782,7.566684741,-0.457514958,0
Ohio,Minnesota,2010.1,post,1020,17.13476815,16.68109256,0.453675588,0
Minnesota,Illinois,2010.1,post,1020,12.55520402,12.10238916,0.452814857,0
Utah,Maryland,2010.1,post,1020,7.666217785,8.114958065,-0.44874028,0
Michigan,California,2010.1,post,1020,9.825536814,9.379329317,0.446207497,0
Missouri,Maryland,2010.1,post,1020,7.109169782,7.552228812,-0.44305903,0
Arkansas,Iowa,2010.1,post,1020,8.021788956,8.463905438,-0.442116482,0
Indiana,Minnesota,2010.1,post,1020,9.961317248,9.521073416,0.440243832,0
North_Carolina,Iowa,2010.1,post,1020,12.33378891,11.90051714,0.433271771,0
Virginia,Missouri,2010.1,post,1020,7.839087479,8.268601988,-0.429514509,0
Iowa,Texas,2010.1,post,1020,12.24942092,12.67874152,-0.429320599,0
Texas,Nebraska,2010.1,post,1020,12.73944154,13.16808514,-0.428643602,0
Illinois,Minnesota,2010.1,post,1020,12.55520402,12.13049951,0.424704514,0
Michigan,Kentucky,2010.1,post,1020,7.26571096,7.689692966,-0.423982006,0
Indiana,North_Carolina,2010.1,post,1020,10.75372337,11.17581473,-0.422091359,0
Ohio,South_Dakota,2010.1,post,1020,17.48299868,17.06286547,0.420133207,0
Nebraska,Kentucky,2010.1,post,1020,8.720464999,9.137046175,-0.416581176,0
Ohio,Missouri,2010.1,post,1020,16.96013858,16.54370797,0.416430601,0
Utah,Illinois,2010.1,post,1020,13.40405394,12.98990899,0.414144954,0
South_Dakota,Ohio,2010.1,post,1020,17.48299868,17.06918162,0.413817057,0
Missouri,Minnesota,2010.1,post,1020,10.1123838,10.52552468,-0.413140878,0
Missouri,Virginia,2010.1,post,1020,7.839087479,8.248657293,-0.409569814,0
Minnesota,Missouri,2010.1,post,1020,10.1123838,10.51031494,-0.397931134,0
North_Carolina,Indiana,2010.1,post,1020,10.75372337,11.15002229,-0.396298922,0
Kentucky,Ohio,2010.1,post,1020,14.35513428,13.96113418,0.3940001,0
Minnesota,Virginia,2010.1,post,1020,8.269077648,8.663041276,-0.393963628,0
Iowa,Missouri,2010.1,post,1020,10.24766427,9.85471764,0.392946633,0
Maryland,Iowa,2010.1,post,1020,7.383414465,7.775269291,-0.391854826,0
Minnesota,Indiana,2010.1,post,1020,9.961317248,9.585749341,0.375567907,0
Michigan,Arkansas,2010.1,post,1020,7.527984037,7.897360561,-0.369376524,0
Minnesota,Nebraska,2010.1,post,1020,10.8266242,10.45741041,0.369213789,0
Ohio,Virginia,2010.1,post,1020,13.94380224,13.57754733,0.366254914,0
Utah,Iowa,2010.1,post,1020,10.21647073,10.58157221,-0.365101477,0
Ohio,Pennsylvania,2010.1,post,1020,15.92110643,15.55675716,0.36434927,0
Colorado,Michigan,2010.1,post,1020,10.3931684,10.03361006,0.35955834,0
Illinois,Pennsylvania,2010.1,post,1020,11.48189875,11.84100025,-0.359101498,0
Michigan,Colorado,2010.1,post,1020,10.3931684,10.03986759,0.353300814,0
Illinois,North_Carolina,2010.1,post,1020,13.67603035,14.02597063,-0.349940283,0
South_Dakota,Michigan,2010.1,post,1020,10.58089702,10.23176059,0.349136425,0
Michigan,Georgia,2010.1,post,1020,9.54778888,9.893032788,-0.345243908,0
Illinois,South_Dakota,2010.1,post,1020,12.87644179,12.53489092,0.341550873,0
South_Dakota,Indiana,2010.1,post,1020,10.28171122,9.941579853,0.34013137,0
Colorado,Iowa,2010.1,post,1020,10.40239082,10.06314486,0.339245956,0
South_Dakota,Missouri,2010.1,post,1020,10.54006109,10.87864505,-0.338583958,0
Minnesota,Ohio,2010.1,post,1020,17.13476815,16.79643948,0.338328662,0
Maryland,Utah,2010.1,post,1020,7.666217785,8.00383047,-0.337612685,0
Pennsylvania,Missouri,2010.1,post,1020,10.84056762,10.50554629,0.335021328,0
Maryland,Illinois,2010.1,post,1020,8.749827356,9.084322395,-0.334495039,0
Indiana,South_Dakota,2010.1,post,1020,10.28171122,9.949833236,0.331877987,0
Missouri,North_Carolina,2010.1,post,1020,12.87218072,12.54055936,0.331621359,0
Iowa,North_Carolina,2010.1,post,1020,12.33378891,12.66451404,-0.330725127,0
Michigan,South_Dakota,2010.1,post,1020,10.58089702,10.2522886,0.328608417,0
Minnesota,Maryland,2010.1,post,1020,7.538837405,7.866639317,-0.327801912,0
Virginia,Iowa,2010.1,post,1020,8.109650539,8.437003234,-0.327352695,0
Indiana,Ohio,2010.1,post,1020,14.8902255,14.56359982,0.326625677,0
Ohio,Kentucky,2010.1,post,1020,14.35513428,14.03024633,0.324887951,0
Pennsylvania,Ohio,2010.1,post,1020,15.92110643,15.59724517,0.323861256,0
Kentucky,Pennsylvania,2010.1,post,1020,8.311014521,7.988842576,0.322171944,0
Colorado,Texas,2010.1,post,1020,12.74511828,12.42355388,0.321564395,0
Arkansas,Colorado,2010.1,post,1020,8.705720897,8.384357206,0.32136369,0
Texas,Illinois,2010.1,post,1020,14.93997932,14.62247866,0.317500665,0
Ohio,Arkansas,2010.1,post,1020,14.95345793,14.63686924,0.316588695,0
Iowa,South_Dakota,2010.1,post,1020,10.49725304,10.18067132,0.316581715,0
Virginia,Illinois,2010.1,post,1020,9.482316471,9.796120731,-0.313804261,0
North_Carolina,Georgia,2010.1,post,1020,11.6819785,11.99498805,-0.313009544,0
South_Dakota,Illinois,2010.1,post,1020,12.87644179,12.56435163,0.312090163,0
Kentucky,Michigan,2010.1,post,1020,7.26571096,7.571886697,-0.306175737,0
Michigan,Minnesota,2010.1,post,1020,10.08181199,9.776206514,0.305605481,0
Illinois,Arkansas,2010.1,post,1020,10.36618519,10.06123673,0.304948457,0
Ohio,Wisconsin,2010.1,post,1020,15.20325855,15.5075127,-0.304254155,0
Ohio,Indiana,2010.1,post,1020,14.8902255,14.59011411,0.300111388,0
North_Carolina,Colorado,2010.1,post,1020,12.47021961,12.76966202,-0.299442402,0
Nebraska,Iowa,2010.1,post,1020,10.69459049,10.39595094,0.298639553,0
Missouri,South_Dakota,2010.1,post,1020,10.54006109,10.83718056,-0.297119464,0
Maryland,Indiana,2010.1,post,1020,5.868618599,6.164023277,-0.295404678,0
Pennsylvania,Minnesota,2010.1,post,1020,10.87821118,10.58600813,0.292203047,0
Kentucky,Oklahoma,2010.1,post,1020,10.88617976,10.59480492,0.291374842,0
Colorado,Oklahoma,2010.1,post,1020,11.89192368,12.18328091,-0.291357229,0
Illinois,Wisconsin,2010.1,post,1020,10.63326611,10.92429749,-0.291031373,0
Iowa,Kansas,2010.1,post,1020,12.32046179,12.03174015,0.288721642,0
Missouri,Iowa,2010.1,post,1020,10.24766427,9.959660843,0.288003429,0
Illinois,Maryland,2010.1,post,1020,8.749827356,9.036436113,-0.286608758,0
Kentucky,Nebraska,2010.1,post,1020,8.720464999,9.003748602,-0.283283603,0
Indiana,Colorado,2010.1,post,1020,9.426604668,9.708987596,-0.282382928,0
Nebraska,Minnesota,2010.1,post,1020,10.8266242,10.54787765,0.278746551,0
Iowa,Virginia,2010.1,post,1020,8.109650539,8.387981705,-0.278331166,0
Ohio,Maryland,2010.1,post,1020,13.21034232,12.93350017,0.276842151,0
Indiana,Maryland,2010.1,post,1020,5.868618599,6.144521135,-0.275902536,0
Virginia,Ohio,2010.1,post,1020,13.94380224,13.67076331,0.273038934,0
Kentucky,Texas,2010.1,post,1020,10.9073696,10.63482882,0.27254078,0
Georgia,Michigan,2010.1,post,1020,9.54778888,9.820305813,-0.272516933,0
Colorado,Indiana,2010.1,post,1020,9.426604668,9.697573217,-0.27096855,0
Maryland,Oklahoma,2010.1,post,1020,9.440775231,9.711141433,-0.270366202,0
Texas,Kentucky,2010.1,post,1020,10.9073696,10.63952432,0.267845281,0
Iowa,Maryland,2010.1,post,1020,7.383414465,7.650675394,-0.267260929,0
Colorado,Arkansas,2010.1,post,1020,8.705720897,8.442341404,0.263379493,0
California,Michigan,2010.1,post,1020,9.825536814,9.562836022,0.262700792,0
Arkansas,Michigan,2010.1,post,1020,7.527984037,7.786874567,-0.25889053,0
Kentucky,Wisconsin,2010.1,post,1020,7.435067449,7.691981778,-0.256914329,0
Minnesota,Michigan,2010.1,post,1020,10.08181199,9.827161203,0.254650791,0
Maryland,Ohio,2010.1,post,1020,13.21034232,12.95753951,0.252802814,0
Kentucky,Iowa,2010.1,post,1020,8.449738135,8.701695159,-0.251957024,0
Georgia,Nebraska,2010.1,post,1020,11.31472353,11.06277975,0.251943784,0
Texas,Virginia,2010.1,post,1020,10.22356791,10.47475364,-0.251185734,0
Oklahoma,Kentucky,2010.1,post,1020,10.88617976,10.64649639,0.239683378,0
North_Carolina,Missouri,2010.1,post,1020,12.87218072,12.63255329,0.239627423,0
Kentucky,Kansas,2010.1,post,1020,10.8773288,10.63844747,0.238881334,0
Wisconsin,Ohio,2010.1,post,1020,15.20325855,15.43894437,-0.235685823,0
Illinois,Virginia,2010.1,post,1020,9.482316471,9.713271762,-0.230955291,0
Maryland,Minnesota,2010.1,post,1020,7.538837405,7.76829791,-0.229460505,0
Wisconsin,Illinois,2010.1,post,1020,10.63326611,10.85855462,-0.225288502,0
Virginia,Minnesota,2010.1,post,1020,8.269077648,8.49208126,-0.223003612,0
Georgia,Kentucky,2010.1,post,1020,8.080900296,8.303435519,-0.222535222,0
Oklahoma,Iowa,2010.1,post,1020,12.31391976,12.09144848,0.222471281,0
Nebraska,Georgia,2010.1,post,1020,11.31472353,11.09360255,0.221120986,0
South_Dakota,Pennsylvania,2010.1,post,1020,11.09291688,10.87326199,0.21965489,0
Pennsylvania,Kentucky,2010.1,post,1020,8.311014521,8.100867401,0.21014712,0
Colorado,North_Carolina,2010.1,post,1020,12.47021961,12.67706033,-0.206840718,0
North_Carolina,Illinois,2010.1,post,1020,13.67603035,13.88186744,-0.205837094,0
Minnesota,South_Dakota,2010.1,post,1020,10.21038838,10.00713935,0.203249034,0
Wisconsin,Kentucky,2010.1,post,1020,7.435067449,7.637491577,-0.202424128,0
South_Dakota,North_Carolina,2010.1,post,1020,13.25873515,13.05653376,0.20220139,0
Colorado,Illinois,2010.1,post,1020,12.17184103,12.37357005,-0.201729012,0
Virginia,Indiana,2010.1,post,1020,6.604326291,6.803021507,-0.198695217,0
Missouri,Kentucky,2010.1,post,1020,8.562253419,8.365346865,0.196906554,0
Indiana,Virginia,2010.1,post,1020,6.604326291,6.800238335,-0.195912045,0
Maryland,Kansas,2010.1,post,1020,9.448576748,9.64065352,-0.192076773,0
South_Dakota,Kansas,2010.1,post,1020,12.47936617,12.66909362,-0.189727449,0
Wisconsin,Iowa,2010.1,post,1020,9.389517864,9.20109137,0.188426494,0
Virginia,Kansas,2010.1,post,1020,10.1778356,10.36561777,-0.18778217,0
Ohio,North_Carolina,2010.1,post,1020,18.19067452,18.00364622,0.187028297,0
Michigan,Texas,2010.1,post,1020,12.17999175,11.99391795,0.186073805,0
Nebraska,Indiana,2010.1,post,1020,9.677076143,9.861689135,-0.184612991,0
Pennsylvania,South_Dakota,2010.1,post,1020,11.09291688,10.90969752,0.183219362,0
Michigan,Oklahoma,2010.1,post,1020,12.08487908,11.90793728,0.176941803,0
Minnesota,Pennsylvania,2010.1,post,1020,10.87821118,10.70133917,0.176872014,0
Colorado,Missouri,2010.1,post,1020,10.42476263,10.60074059,-0.175977956,0
Michigan,Ohio,2010.1,post,1020,15.26057103,15.08478264,0.175788387,0
North_Carolina,South_Dakota,2010.1,post,1020,13.25873515,13.08337252,0.175362625,0
Illinois,Iowa,2010.1,post,1020,12.01583338,11.84329318,0.172540193,0
Nebraska,Ohio,2010.1,post,1020,16.84617275,17.01657618,-0.170403434,0
Nebraska,Missouri,2010.1,post,1020,10.46918873,10.63875845,-0.169569726,0
Kansas,Virginia,2010.1,post,1020,10.1778356,10.34612817,-0.168292569,0
Oklahoma,Virginia,2010.1,post,1020,10.17007289,10.33023372,-0.160160827,0
North_Carolina,Minnesota,2010.1,post,1020,12.97344832,12.81379332,0.159654997,0
Indiana,Nebraska,2010.1,post,1020,9.677076143,9.835506239,-0.158430096,0
Kansas,South_Dakota,2010.1,post,1020,12.47936617,12.63647164,-0.157105471,0
Kentucky,Indiana,2010.1,post,1020,6.964186858,6.808380922,0.155805936,0
Kansas,Kentucky,2010.1,post,1020,10.8773288,10.72164705,0.155681752,0
Colorado,Minnesota,2010.1,post,1020,10.80439005,10.64953082,0.154859226,0
Ohio,Michigan,2010.1,post,1020,15.26057103,15.10575173,0.154819295,0
Illinois,Colorado,2010.1,post,1020,12.17184103,12.32589335,-0.154052314,0
Oklahoma,Maryland,2010.1,post,1020,9.440775231,9.594387703,-0.153612472,0
Georgia,North_Carolina,2010.1,post,1020,11.6819785,11.83469932,-0.152720821,0
Ohio,Nebraska,2010.1,post,1020,16.84617275,16.99752387,-0.151351121,0
Kentucky,California,2010.1,post,1020,7.94087762,8.089970022,-0.149092401,0
Iowa,Michigan,2010.1,post,1020,9.750525301,9.602821511,0.147703791,0
Maryland,Texas,2010.1,post,1020,9.494380578,9.641397505,-0.147016928,0
North_Carolina,Ohio,2010.1,post,1020,18.19067452,18.04745663,0.143217885,0
Missouri,Nebraska,2010.1,post,1020,10.46918873,10.61172334,-0.142534612,0
Oklahoma,Michigan,2010.1,post,1020,12.08487908,11.94446963,0.14040945,0
Nebraska,Kansas,2010.1,post,1020,12.33896202,12.20235902,0.136602997,0
Kentucky,Arkansas,2010.1,post,1020,6.311148883,6.446662985,-0.135514101,0
Kentucky,Missouri,2010.1,post,1020,8.562253419,8.429298892,0.132954527,0
Kentucky,Georgia,2010.1,post,1020,8.080900296,8.213834619,-0.132934323,0
Michigan,Missouri,2010.1,post,1020,9.660481275,9.79158402,-0.131102745,0
Maryland,Wisconsin,2010.1,post,1020,6.686235581,6.555850061,0.13038552,0
Nebraska,Pennsylvania,2010.1,post,1020,10.98766908,10.86298788,0.124681195,0
Minnesota,Kentucky,2010.1,post,1020,8.787444212,8.91199739,-0.124553178,0
Kentucky,Illinois,2010.1,post,1020,9.956523233,9.835789509,0.120733724,0
South_Dakota,Minnesota,2010.1,post,1020,10.21038838,10.33089914,-0.120510761,0
Iowa,Ohio,2010.1,post,1020,16.5767037,16.45621874,0.120484963,0
Minnesota,Colorado,2010.1,post,1020,10.80439005,10.68856005,0.115829996,0
Maryland,North_Carolina,2010.1,post,1020,8.756028232,8.640629284,0.115398948,0
Indiana,Iowa,2010.1,post,1020,9.259003271,9.37356295,-0.114559679,0
Illinois,Nebraska,2010.1,post,1020,12.54399305,12.43481199,0.109181066,0
Nebraska,Texas,2010.1,post,1020,12.73944154,12.8483869,-0.108945366,0
Nebraska,Oklahoma,2010.1,post,1020,12.5492885,12.65453668,-0.105248179,0
Texas,Michigan,2010.1,post,1020,12.17999175,12.28163889,-0.101647135,0
North_Carolina,Nebraska,2010.1,post,1020,13.00202163,13.10128612,-0.099264488,0
North_Carolina,Virginia,2010.1,post,1020,9.192582181,9.093835917,0.098746265,0
Missouri,Colorado,2010.1,post,1020,10.42476263,10.52251037,-0.097747736,0
Kansas,Nebraska,2010.1,post,1020,12.33896202,12.24425409,0.094707927,0
North_Carolina,Maryland,2010.1,post,1020,8.756028232,8.663254783,0.092773449,0
Utah,Kentucky,2010.1,post,1020,9.285221196,9.193058217,0.092162979,0
South_Dakota,Iowa,2010.1,post,1020,10.49725304,10.40753753,0.089715512,0
Kansas,Maryland,2010.1,post,1020,9.448576748,9.535834681,-0.087257933,0
Kansas,Iowa,2010.1,post,1020,12.32046179,12.23373495,0.086726843,0
Oklahoma,Colorado,2010.1,post,1020,11.89192368,11.97856533,-0.086641651,0
Indiana,Illinois,2010.1,post,1020,10.54217733,10.45766339,0.084513944,0
Missouri,Michigan,2010.1,post,1020,9.660481275,9.742125454,-0.081644179,0
Illinois,Kentucky,2010.1,post,1020,9.956523233,9.878615467,0.077907766,0
Montana,Kentucky,2010.1,post,1020,9.912477645,9.988501676,-0.076024031,0
North_Carolina,Michigan,2010.1,post,1020,11.55346993,11.62947651,-0.076006579,0
Pennsylvania,Nebraska,2010.1,post,1020,10.98766908,10.91401672,0.073652359,0
Nebraska,Illinois,2010.1,post,1020,12.54399305,12.47391483,0.070078227,0
Virginia,Oklahoma,2010.1,post,1020,10.17007289,10.10121987,0.068853029,0
Illinois,Indiana,2010.1,post,1020,10.54217733,10.47402779,0.06814954,0
Illinois,Michigan,2010.1,post,1020,11.1486185,11.08104777,0.067570725,0
Arkansas,Kentucky,2010.1,post,1020,6.311148883,6.246225394,0.064923489,0
California,Kentucky,2010.1,post,1020,7.94087762,8.005246954,-0.064369334,0
Wisconsin,Maryland,2010.1,post,1020,6.686235581,6.622412253,0.063823328,0
Colorado,Kentucky,2010.1,post,1020,8.81632025,8.75335885,0.0629614,0
Minnesota,North_Carolina,2010.1,post,1020,12.97344832,13.035239,-0.061790684,0
Michigan,Illinois,2010.1,post,1020,11.1486185,11.08772816,0.060890343,0
Oklahoma,Nebraska,2010.1,post,1020,12.5492885,12.60724785,-0.057959342,0
Texas,Maryland,2010.1,post,1020,9.494380578,9.43822,0.056160577,0
North_Carolina,Pennsylvania,2010.1,post,1020,11.62067489,11.67592776,-0.055252877,0
Kansas,Michigan,2010.1,post,1020,11.95136045,11.89635819,0.05500226,0
Kentucky,Montana,2010.1,post,1020,9.912477645,9.965873461,-0.053395815,0
North_Carolina,Kentucky,2010.1,post,1020,10.15796887,10.20619941,-0.048230541,0
Iowa,Colorado,2010.1,post,1020,10.40239082,10.44793264,-0.045541825,0
Wisconsin,Virginia,2010.1,post,1020,7.424440628,7.38033176,0.044108868,0
Michigan,Kansas,2010.1,post,1020,11.95136045,11.90931619,0.042044253,0
Michigan,Utah,2010.1,post,1020,10.57015154,10.52861607,0.041535469,0
Maryland,South_Dakota,2010.1,post,1020,8.031462671,7.990510902,0.040951769,0
Virginia,North_Carolina,2010.1,post,1020,9.192582181,9.15233112,0.040251061,0
Kentucky,Utah,2010.1,post,1020,9.285221196,9.245415136,0.03980606,0
Ohio,Colorado,2010.1,post,1020,16.8329955,16.79414762,0.038847877,0
Illinois,Ohio,2010.1,post,1020,17.88147739,17.84400187,0.037475518,0
Ohio,Iowa,2010.1,post,1020,16.5767037,16.61007417,-0.03337047,0
Kentucky,North_Carolina,2010.1,post,1020,10.15796887,10.12724915,0.030719716,0
Iowa,Oklahoma,2010.1,post,1020,12.31391976,12.34221255,-0.028292787,0
Iowa,Indiana,2010.1,post,1020,9.259003271,9.231078999,0.027924272,0
South_Dakota,Virginia,2010.1,post,1020,8.75975042,8.733333946,0.026416474,0
Virginia,South_Dakota,2010.1,post,1020,8.75975042,8.785742839,-0.025992419,0
Kentucky,Colorado,2010.1,post,1020,8.81632025,8.841776386,-0.025456136,0
South_Dakota,Kentucky,2010.1,post,1020,9.114535531,9.091670362,0.022865169,0
Colorado,Ohio,2010.1,post,1020,16.8329955,16.81283945,0.020156047,0
Ohio,Illinois,2010.1,post,1020,17.88147739,17.8632945,0.018182889,0
Utah,Michigan,2010.1,post,1020,10.57015154,10.58754081,-0.01738927,0
Virginia,Wisconsin,2010.1,post,1020,7.424440628,7.409510937,0.014929692,0
Michigan,Iowa,2010.1,post,1020,9.750525301,9.735882238,0.014643064,0
Virginia,Texas,2010.1,post,1020,10.22356791,10.20905147,0.014516432,0
Indiana,Kentucky,2010.1,post,1020,6.964186858,6.950522428,0.01366443,0
Michigan,Indiana,2010.1,post,1020,8.016408628,8.003375747,0.013032881,0
South_Dakota,Maryland,2010.1,post,1020,8.031462671,8.043217136,-0.011754464,0
Michigan,North_Carolina,2010.1,post,1020,11.55346993,11.54294848,0.010521444,0
Pennsylvania,North_Carolina,2010.1,post,1020,11.62067489,11.61070229,0.0099726,0
Kentucky,South_Dakota,2010.1,post,1020,9.114535531,9.104820784,0.009714746,0
Indiana,Michigan,2010.1,post,1020,8.016408628,8.010715513,0.005693114,0
Iowa,Kentucky,2010.1,post,1020,8.449738135,8.455036335,-0.0052982,0
Nebraska,North_Carolina,2010.1,post,1020,13.00202163,13.0001954,0.001826223,0
Kentucky,Minnesota,2010.1,post,1020,8.787444212,8.788569631,-0.001125419,0
Missouri,Colorado,2010.2,post,1020,1.161230393,8.239095498,-7.077865105,1
Colorado,Missouri,2010.2,post,1020,1.161230393,7.560041987,-6.398811593,1
Missouri,Minnesota,2010.2,post,1020,3.604917236,9.603048425,-5.998131189,1
Minnesota,Missouri,2010.2,post,1020,3.604917236,9.25735146,-5.652434224,0.948039216
Minnesota,Colorado,2010.2,post,1020,4.001005764,9.370594327,-5.369588563,0.67745098
Virginia,Michigan,2010.2,post,1020,7.937344945,13.46790606,-5.530561118,0.645098039
North_Carolina,Pennsylvania,2010.2,post,1020,4.405895118,9.707376363,-5.301481245,0.561764706
Missouri,Pennsylvania,2010.2,post,1020,4.12634116,9.406030281,-5.279689121,0.506862745
Michigan,Virginia,2010.2,post,1020,7.937344945,13.23254523,-5.295200281,0.501960784
Colorado,Minnesota,2010.2,post,1020,4.001005764,9.250071147,-5.249065382,0.47745098
Minnesota,Virginia,2010.2,post,1020,17.25516312,12.20896155,5.046201568,0.023529412
Pennsylvania,North_Carolina,2010.2,post,1020,4.405895118,9.315965627,-4.910070508,0.005882353
Colorado,Pennsylvania,2010.2,post,1020,4.400770384,9.12157744,-4.720807057,0.001960784
Minnesota,Ohio,2010.2,post,1020,15.22259556,10.80811549,4.414480076,0.000980392
Virginia,Minnesota,2010.2,post,1020,17.25516312,12.81901231,4.436150812,0
Ohio,Indiana,2010.2,post,1020,7.238713715,11.64862633,-4.409912615,0
Pennsylvania,Colorado,2010.2,post,1020,4.400770384,8.806059161,-4.405288778,0
Pennsylvania,Missouri,2010.2,post,1020,4.12634116,8.475518137,-4.349176977,0
Indiana,Ohio,2010.2,post,1020,7.238713715,11.44779075,-4.209077035,0
Colorado,Virginia,2010.2,post,1020,15.08331643,11.00969434,4.073622085,0
Minnesota,Indiana,2010.2,post,1020,14.55110569,10.59237128,3.958734406,0
Ohio,Minnesota,2010.2,post,1020,15.22259556,11.38175987,3.840835691,0
Indiana,Minnesota,2010.2,post,1020,14.55110569,10.78522612,3.765879573,0
Minnesota,Pennsylvania,2010.2,post,1020,6.572617079,10.28570435,-3.71308727,0
Virginia,Missouri,2010.2,post,1020,14.8088872,11.19352824,3.615358966,0
Colorado,Ohio,2010.2,post,1020,13.03776262,9.425492172,3.612270445,0
Pennsylvania,Minnesota,2010.2,post,1020,6.572617079,10.0356909,-3.463073818,0
Missouri,Virginia,2010.2,post,1020,14.8088872,11.36741153,3.441475673,0
Virginia,Colorado,2010.2,post,1020,15.08331643,11.6728359,3.410480524,0
Minnesota,Michigan,2010.2,post,1020,14.10202624,10.89611283,3.205913416,0
Colorado,Indiana,2010.2,post,1020,12.37925899,9.196629222,3.182629771,0
Indiana,Oklahoma,2010.2,post,1020,6.502418263,9.63066239,-3.128244127,0
Arkansas,Indiana,2010.2,post,1020,5.742845942,8.867147813,-3.124301871,0
Oklahoma,Indiana,2010.2,post,1020,6.502418263,9.598265807,-3.095847544,0
Michigan,Minnesota,2010.2,post,1020,14.10202624,11.01370694,3.088319308,0
Missouri,North_Carolina,2010.2,post,1020,5.081458754,8.161415036,-3.079956282,0
Ohio,Missouri,2010.2,post,1020,12.75708994,9.698949726,3.058140218,0
Ohio,Colorado,2010.2,post,1020,13.03776262,10.00759748,3.030165138,0
Ohio,Oklahoma,2010.2,post,1020,7.281441875,10.27052994,-2.989088069,0
Indiana,Missouri,2010.2,post,1020,12.10482977,9.122500604,2.982329165,0
Indiana,Colorado,2010.2,post,1020,12.37925899,9.404292772,2.974966221,0
Missouri,Ohio,2010.2,post,1020,12.75708994,9.790084266,2.967005678,0
Indiana,Arkansas,2010.2,post,1020,5.742845942,8.634957343,-2.892111401,0
North_Carolina,Colorado,2010.2,post,1020,5.355887977,8.220154925,-2.864266947,0
Oklahoma,Ohio,2010.2,post,1020,7.281441875,10.08249507,-2.801053192,0
Iowa,Indiana,2010.2,post,1020,7.08818636,9.887171831,-2.798985471,0
North_Carolina,Missouri,2010.2,post,1020,5.081458754,7.868373995,-2.786915241,0
Pennsylvania,Virginia,2010.2,post,1020,15.30467282,12.54966537,2.755007444,0
Minnesota,Oklahoma,2010.2,post,1020,12.66237863,9.910159404,2.75221923,0
Oklahoma,Minnesota,2010.2,post,1020,12.66237863,9.916485906,2.745892728,0
Arkansas,Oklahoma,2010.2,post,1020,4.87663221,7.61679013,-2.74015792,0
Pennsylvania,Ohio,2010.2,post,1020,13.39136582,10.65707228,2.734293542,0
Missouri,Indiana,2010.2,post,1020,12.10482977,9.387406552,2.717423217,0
Indiana,Iowa,2010.2,post,1020,7.08818636,9.745049778,-2.656863418,0
North_Carolina,Ohio,2010.2,post,1020,12.73137913,10.08019821,2.651180918,0
Colorado,North_Carolina,2010.2,post,1020,5.355887977,7.990942127,-2.63505415,0
Oklahoma,Arkansas,2010.2,post,1020,4.87663221,7.508123711,-2.631491501,0
Oklahoma,Iowa,2010.2,post,1020,6.849835546,9.420163232,-2.570327686,0
Arkansas,Minnesota,2010.2,post,1020,11.41735008,8.877980791,2.539369292,0
Iowa,North_Carolina,2010.2,post,1020,10.87338348,8.435361174,2.438022306,0
Michigan,Missouri,2010.2,post,1020,11.65575033,9.313009531,2.342740795,0
Colorado,Michigan,2010.2,post,1020,11.93017955,9.592865896,2.337313654,0
Minnesota,Arkansas,2010.2,post,1020,11.41735008,9.090092016,2.327258067,0
Ohio,North_Carolina,2010.2,post,1020,12.73137913,10.40926263,2.3221165,0
Iowa,Colorado,2010.2,post,1020,10.84870665,8.539582281,2.309124369,0
Michigan,Colorado,2010.2,post,1020,11.93017955,9.670787104,2.259392445,0
Oklahoma,Missouri,2010.2,post,1020,10.21610272,7.960044805,2.25605791,0
Iowa,Minnesota,2010.2,post,1020,12.69387602,10.45289158,2.24098444,0
Arkansas,Ohio,2010.2,post,1020,7.167071787,9.385011713,-2.217939925,0
North_Carolina,Virginia,2010.2,post,1020,14.09640659,11.88304241,2.21336417,0
Virginia,North_Carolina,2010.2,post,1020,14.09640659,11.90541206,2.190994523,0
Minnesota,Iowa,2010.2,post,1020,12.69387602,10.50957784,2.184298182,0
Pennsylvania,Iowa,2010.2,post,1020,11.39159431,9.213996884,2.177597429,0
Indiana,North_Carolina,2010.2,post,1020,11.88098661,9.714611111,2.166375497,0
Ohio,Arkansas,2010.2,post,1020,7.167071787,9.316068756,-2.148996968,0
Pennsylvania,Indiana,2010.2,post,1020,12.58019233,10.44794745,2.132244882,0
Iowa,Ohio,2010.2,post,1020,8.227353743,10.34978292,-2.122429177,0
Iowa,Oklahoma,2010.2,post,1020,6.849835546,8.928376141,-2.078540595,0
Ohio,Iowa,2010.2,post,1020,8.227353743,10.30167879,-2.074325049,0
Arkansas,Iowa,2010.2,post,1020,5.671342516,7.743787235,-2.072444719,0
North_Carolina,Indiana,2010.2,post,1020,11.88098661,9.818139521,2.062847087,0
Arkansas,Missouri,2010.2,post,1020,8.971074164,6.91126748,2.059806684,0
Iowa,Arkansas,2010.2,post,1020,5.671342516,7.727848818,-2.056506303,0
Iowa,Missouri,2010.2,post,1020,10.55280814,8.514154153,2.038653985,0
Colorado,Oklahoma,2010.2,post,1020,10.49053194,8.479103395,2.011428544,0
Virginia,Pennsylvania,2010.2,post,1020,15.30467282,13.29736441,2.007308406,0
Missouri,Arkansas,2010.2,post,1020,8.971074164,7.012754839,1.958319326,0
Ohio,Pennsylvania,2010.2,post,1020,13.39136582,11.43388715,1.957478676,0
Iowa,Virginia,2010.2,post,1020,13.77415891,11.81936809,1.954790818,0
Virginia,Iowa,2010.2,post,1020,13.77415891,11.82317142,1.95098749,0
Missouri,Oklahoma,2010.2,post,1020,10.21610272,8.298159058,1.917943657,0
Missouri,Iowa,2010.2,post,1020,10.55280814,8.641277167,1.91153097,0
Arkansas,Illinois,2010.2,post,1020,6.085184114,7.993862569,-1.908678455,0
North_Carolina,Minnesota,2010.2,post,1020,7.527734673,9.432957884,-1.905223211,0
Illinois,Arkansas,2010.2,post,1020,6.085184114,7.9274839,-1.842299786,0
Iowa,Pennsylvania,2010.2,post,1020,11.39159431,9.55860528,1.832989033,0
Missouri,Michigan,2010.2,post,1020,11.65575033,9.955172971,1.700577355,0
Colorado,Iowa,2010.2,post,1020,10.84870665,9.178400795,1.670305855,0
Indiana,Pennsylvania,2010.2,post,1020,12.58019233,10.93699308,1.643199255,0
Oklahoma,North_Carolina,2010.2,post,1020,10.13376453,8.499751541,1.634012986,0
North_Carolina,Oklahoma,2010.2,post,1020,10.13376453,8.535952296,1.597812231,0
Pennsylvania,Oklahoma,2010.2,post,1020,10.59632183,9.002030505,1.594291324,0
Arkansas,Colorado,2010.2,post,1020,9.245503388,7.651500908,1.59400248,0
Arkansas,Michigan,2010.2,post,1020,7.589623302,9.115291192,-1.52566789,0
Minnesota,North_Carolina,2010.2,post,1020,7.527734673,9.003618078,-1.475883405,0
Oklahoma,Colorado,2010.2,post,1020,10.49053194,9.023611173,1.466920766,0
Michigan,Arkansas,2010.2,post,1020,7.589623302,9.054493469,-1.464870167,0
Colorado,Arkansas,2010.2,post,1020,9.245503388,7.804490307,1.441013081,0
Pennsylvania,Michigan,2010.2,post,1020,12.15153594,10.89065398,1.260881957,0
Oklahoma,Illinois,2010.2,post,1020,7.723434425,8.944048882,-1.220614457,0
North_Carolina,Michigan,2010.2,post,1020,11.07364269,9.929267259,1.144375435,0
Oklahoma,Virginia,2010.2,post,1020,12.64025133,11.53366407,1.10658726,0
Illinois,Oklahoma,2010.2,post,1020,7.723434425,8.824884135,-1.10144971,0
Michigan,North_Carolina,2010.2,post,1020,11.07364269,10.0089548,1.064687895,0
Indiana,Virginia,2010.2,post,1020,14.08643095,13.03462117,1.051809782,0
Arkansas,North_Carolina,2010.2,post,1020,8.752205154,7.775747192,0.976457962,0
Michigan,Illinois,2010.2,post,1020,9.190300765,10.11686012,-0.926559353,0
Oklahoma,Pennsylvania,2010.2,post,1020,10.59632183,9.697699618,0.898622211,0
Illinois,Michigan,2010.2,post,1020,9.190300765,10.08732754,-0.897026771,0
Virginia,Indiana,2010.2,post,1020,14.08643095,13.19856738,0.887863577,0
North_Carolina,Iowa,2010.2,post,1020,10.87338348,9.991066366,0.882317114,0
Iowa,Illinois,2010.2,post,1020,8.244588629,9.112040858,-0.867452229,0
Michigan,Pennsylvania,2010.2,post,1020,12.15153594,11.28965906,0.86187688,0
Pennsylvania,Arkansas,2010.2,post,1020,9.466859777,8.608734131,0.858125646,0
North_Carolina,Arkansas,2010.2,post,1020,8.752205154,7.900590343,0.851614811,0
Illinois,Indiana,2010.2,post,1020,8.794778963,9.584362313,-0.78958335,0
Ohio,Illinois,2010.2,post,1020,9.78487945,10.53792931,-0.753049857,0
Indiana,Illinois,2010.2,post,1020,8.794778963,9.546230287,-0.751451324,0
Virginia,Arkansas,2010.2,post,1020,10.74276018,11.45386428,-0.711104098,0
Illinois,Pennsylvania,2010.2,post,1020,9.043638314,9.748601813,-0.704963498,0
Missouri,Illinois,2010.2,post,1020,7.650774308,8.348509196,-0.697734888,0
Illinois,Colorado,2010.2,post,1020,7.98135398,8.589090438,-0.607736458,0
Arkansas,Pennsylvania,2010.2,post,1020,9.466859777,8.879121793,0.587737984,0
Virginia,Oklahoma,2010.2,post,1020,12.64025133,12.05656131,0.583690013,0
Michigan,Oklahoma,2010.2,post,1020,9.48711445,10.02730339,-0.540188943,0
Oklahoma,Michigan,2010.2,post,1020,9.48711445,9.986839506,-0.499725056,0
Indiana,Michigan,2010.2,post,1020,10.93329408,11.39827863,-0.464984556,0
Michigan,Iowa,2010.2,post,1020,10.62102203,10.16924283,0.451779199,0
Illinois,Ohio,2010.2,post,1020,9.78487945,10.22126669,-0.436387244,0
Virginia,Ohio,2010.2,post,1020,13.85478296,13.44624914,0.408533819,0
North_Carolina,Illinois,2010.2,post,1020,8.780191099,9.154439068,-0.374247969,0
Michigan,Indiana,2010.2,post,1020,10.93329408,11.26222191,-0.328927829,0
Ohio,Michigan,2010.2,post,1020,11.57948775,11.89000566,-0.310517911,0
Illinois,Missouri,2010.2,post,1020,7.650774308,7.960294946,-0.309520638,0
Colorado,Illinois,2010.2,post,1020,7.98135398,8.230107927,-0.248753947,0
Illinois,Iowa,2010.2,post,1020,8.244588629,8.462917813,-0.218329183,0
Iowa,Michigan,2010.2,post,1020,10.62102203,10.42564132,0.195380711,0
Pennsylvania,Illinois,2010.2,post,1020,9.043638314,9.229194475,-0.185556161,0
Virginia,Illinois,2010.2,post,1020,11.82414742,11.95808531,-0.133937882,0
Arkansas,Virginia,2010.2,post,1020,10.74276018,10.87325071,-0.130490536,0
Ohio,Virginia,2010.2,post,1020,13.85478296,13.74329471,0.111488257,0
Minnesota,Illinois,2010.2,post,1020,9.843545046,9.746842715,0.096702331,0
Illinois,Minnesota,2010.2,post,1020,9.843545046,9.770844903,0.072700143,0
Michigan,Ohio,2010.2,post,1020,11.57948775,11.64077664,-0.061288891,0
Illinois,North_Carolina,2010.2,post,1020,8.780191099,8.727570392,0.052620707,0
Illinois,Virginia,2010.2,post,1020,11.82414742,11.84107631,-0.016928884,0
